Date,Target_Date,Ticker,Asset,Role,Split,Target_Squared_Return,Historical_Variance_Forecast
2021-12-31,2022-01-03,AAPL,Apple,Stock,Validation,6.099135356030947,3.5343064627748433
2022-01-03,2022-01-04,AAPL,Apple,Stock,Validation,1.6314512759878226,3.6878189353217783
2022-01-04,2022-01-05,AAPL,Apple,Stock,Validation,7.268276773693967,3.704742435341226
2022-01-05,2022-01-06,AAPL,Apple,Stock,Validation,2.8339674131256207,4.026886953422418
2022-01-06,2022-01-07,AAPL,Apple,Stock,Validation,0.0097616831999578,3.6372457435132994
2022-01-07,2022-01-10,AAPL,Apple,Stock,Validation,0.0001342301475853,3.3778421340921825
2022-01-10,2022-01-11,AAPL,Apple,Stock,Validation,2.7705426058390574,3.375664156011369
2022-01-11,2022-01-12,AAPL,Apple,Stock,Validation,0.0658933133817191,3.1225197477887248
2022-01-12,2022-01-13,AAPL,Apple,Stock,Validation,3.6909772749524294,2.9220375515282013
2022-01-13,2022-01-14,AAPL,Apple,Stock,Validation,0.2598905213102826,3.0705399991720883
2022-01-14,2022-01-18,AAPL,Apple,Stock,Validation,3.638512183986488,2.662291523067527
2022-01-18,2022-01-19,AAPL,Apple,Stock,Validation,4.515225280308174,2.066839442273813
2022-01-19,2022-01-20,AAPL,Apple,Stock,Validation,1.0817680805522838,2.256076804075377
2022-01-20,2022-01-21,AAPL,Apple,Stock,Validation,1.6505712799297494,2.2736790030487586
2022-01-21,2022-01-24,AAPL,Apple,Stock,Validation,0.2377823150553119,2.106043439258916
2022-01-24,2022-01-25,AAPL,Apple,Stock,Validation,1.3110328916853442,1.9324350981654128
2022-01-25,2022-01-26,AAPL,Apple,Stock,Validation,0.0031741638632266,1.9261878095870983
2022-01-26,2022-01-27,AAPL,Apple,Stock,Validation,0.0868676377278446,1.5465136196601637
2022-01-27,2022-01-28,AAPL,Apple,Stock,Validation,45.49614693564282,1.5503575678411272
2022-01-28,2022-01-31,AAPL,Apple,Stock,Validation,6.65136693727927,4.096797535693307
2022-01-31,2022-02-01,AAPL,Apple,Stock,Validation,0.0094669543302516,4.462454177624766
2022-02-01,2022-02-02,AAPL,Apple,Stock,Validation,0.4927103795066443,4.458869342105212
2022-02-02,2022-02-03,AAPL,Apple,Stock,Validation,2.8428532553938473,4.156958101664521
2022-02-03,2022-02-04,AAPL,Apple,Stock,Validation,0.0282573959777368,4.210416954959833
2022-02-04,2022-02-07,AAPL,Apple,Stock,Validation,0.180089787820132,3.879635895196567
2022-02-07,2022-02-08,AAPL,Apple,Stock,Validation,3.3482848346309915,3.751139405437809
2022-02-08,2022-02-09,AAPL,Apple,Stock,Validation,0.6822144604179649,3.911512642374715
2022-02-09,2022-02-10,AAPL,Apple,Stock,Validation,5.703346458891737,3.9375982538238965
2022-02-10,2022-02-11,AAPL,Apple,Stock,Validation,4.172001539349657,4.092894327559553
2022-02-11,2022-02-14,AAPL,Apple,Stock,Validation,0.0202110338142271,4.268337748781585
2022-02-14,2022-02-15,AAPL,Apple,Stock,Validation,5.23902372273757,4.112756638352045
2022-02-15,2022-02-16,AAPL,Apple,Stock,Validation,0.0193186180504561,4.3695425271207595
2022-02-16,2022-02-17,AAPL,Apple,Stock,Validation,4.622069763170974,4.181427552649036
2022-02-17,2022-02-18,AAPL,Apple,Stock,Validation,0.8835287265117869,4.186974656916666
2022-02-18,2022-02-22,AAPL,Apple,Stock,Validation,3.2301569531630494,4.176224090648534
2022-02-22,2022-02-23,AAPL,Apple,Stock,Validation,6.866806999377957,4.2589930043618285
2022-02-23,2022-02-24,AAPL,Apple,Stock,Validation,2.7365688796633365,4.592781160184199
2022-02-24,2022-02-25,AAPL,Apple,Stock,Validation,1.6595135023683634,4.656549133032659
2022-02-25,2022-02-28,AAPL,Apple,Stock,Validation,0.02677206097737,4.722493644491061
2022-02-28,2022-03-01,AAPL,Apple,Stock,Validation,1.3679113162973136,4.711769559794593
2022-03-01,2022-03-02,AAPL,Apple,Stock,Validation,4.153096062777353,2.4981413644984354
2022-03-02,2022-03-03,AAPL,Apple,Stock,Validation,0.0393472742841603,2.361840401007919
2022-03-03,2022-03-04,AAPL,Apple,Stock,Validation,3.451969621218626,2.3610530620416776
2022-03-04,2022-03-07,AAPL,Apple,Stock,Validation,5.7615544408711505,2.435012092856493
2022-03-07,2022-03-08,AAPL,Apple,Stock,Validation,1.379469015587834,2.5547309297120764
2022-03-08,2022-03-09,AAPL,Apple,Stock,Validation,11.832948636424582,2.58122855542443
2022-03-09,2022-03-10,AAPL,Apple,Stock,Validation,7.596953058266996,3.2952453764175735
2022-03-10,2022-03-11,AAPL,Apple,Stock,Validation,5.856027797279464,3.3438837119621923
2022-03-11,2022-03-14,AAPL,Apple,Stock,Validation,7.247661998321013,3.4261176598611085
2022-03-14,2022-03-15,AAPL,Apple,Stock,Validation,8.553010515443084,3.4842388430596065
2022-03-15,2022-03-16,AAPL,Apple,Stock,Validation,8.180965735520184,3.960150926195555
2022-03-16,2022-03-17,AAPL,Apple,Stock,Validation,0.413902657395216,4.4590118645052295
2022-03-17,2022-03-18,AAPL,Apple,Stock,Validation,4.28623316598722,4.166973006355361
2022-03-18,2022-03-21,AAPL,Apple,Stock,Validation,0.7226957208038073,4.4455345264959885
2022-03-21,2022-03-22,AAPL,Apple,Stock,Validation,4.238371111662639,4.301912329721815
2022-03-22,2022-03-23,AAPL,Apple,Stock,Validation,0.6724075173467662,4.478149081239804
2022-03-23,2022-03-24,AAPL,Apple,Stock,Validation,5.028539562380123,4.322679378676625
2022-03-24,2022-03-25,AAPL,Apple,Stock,Validation,0.1389189953489203,4.092910183021138
2022-03-25,2022-03-28,AAPL,Apple,Stock,Validation,0.2524031515623935,4.010285133537242
2022-03-28,2022-03-29,AAPL,Apple,Stock,Validation,3.5923975532408132,3.9650392252252176
2022-03-29,2022-03-30,AAPL,Apple,Stock,Validation,0.4451188675770935,4.084085592724233
2022-03-30,2022-03-31,AAPL,Apple,Stock,Validation,3.21698267497617,4.018088501753575
2022-03-31,2022-04-01,AAPL,Apple,Stock,Validation,0.0295637361622378,4.092352305156897
2022-04-01,2022-04-04,AAPL,Apple,Stock,Validation,5.483736394209423,4.0912676486281105
2022-04-04,2022-04-05,AAPL,Apple,Stock,Validation,3.6571984734185423,4.055942896578074
2022-04-05,2022-04-06,AAPL,Apple,Stock,Validation,3.4682332616849183,3.929371803854674
2022-04-06,2022-04-07,AAPL,Apple,Stock,Validation,0.0324796563791157,4.06358257718814
2022-04-07,2022-04-08,AAPL,Apple,Stock,Validation,1.4352458105235204,3.584020510559897
2022-04-08,2022-04-11,AAPL,Apple,Stock,Validation,6.6807156700172,3.2294433800124738
2022-04-11,2022-04-12,AAPL,Apple,Stock,Validation,1.3127656458288477,3.2761410262549275
2022-04-12,2022-04-13,AAPL,Apple,Stock,Validation,2.6277666632509313,2.8185903000577435
2022-04-13,2022-04-14,AAPL,Apple,Stock,Validation,9.2702918978665,2.584810285770364
2022-04-14,2022-04-18,AAPL,Apple,Stock,Validation,0.0177332955209198,2.82097566600643
2022-04-18,2022-04-19,AAPL,Apple,Stock,Validation,1.9646184188435376,2.812708092943997
2022-04-19,2022-04-20,AAPL,Apple,Stock,Validation,0.0103283584067429,2.70426455062546
2022-04-20,2022-04-21,AAPL,Apple,Stock,Validation,0.2357362334510051,2.675844481080282
2022-04-21,2022-04-22,AAPL,Apple,Stock,Validation,7.961204273905673,2.4737777353384627
2022-04-22,2022-04-25,AAPL,Apple,Stock,Validation,0.4508308572019561,2.7818145146715905
2022-04-25,2022-04-26,AAPL,Apple,Stock,Validation,14.472240088696324,2.509098842056085
2022-04-26,2022-04-27,AAPL,Apple,Stock,Validation,0.0215440238030489,3.0520653607234793
2022-04-27,2022-04-28,AAPL,Apple,Stock,Validation,19.50581645810066,3.00606674536047
2022-04-28,2022-04-29,AAPL,Apple,Stock,Validation,13.906520748082384,3.9243143517519186
2022-04-29,2022-05-02,AAPL,Apple,Stock,Validation,0.0386023082747055,4.444572313200242
2022-05-02,2022-05-03,AAPL,Apple,Stock,Validation,0.91708959930693,4.3900495310207415
2022-05-03,2022-05-04,AAPL,Apple,Stock,Validation,16.15208589911826,4.485292152229393
2022-05-04,2022-05-05,AAPL,Apple,Stock,Validation,32.86544578171304,5.083027843374319
2022-05-05,2022-05-06,AAPL,Apple,Stock,Validation,0.2224027029972612,6.37743798150874
2022-05-06,2022-05-09,AAPL,Apple,Stock,Validation,11.392247983198924,6.324817714110693
2022-05-09,2022-05-10,AAPL,Apple,Stock,Validation,2.55480550872613,6.7153932427085525
2022-05-10,2022-05-11,AAPL,Apple,Stock,Validation,28.33776611073988,6.915961539286177
2022-05-11,2022-05-12,AAPL,Apple,Stock,Validation,7.432634806826076,7.857587992756015
2022-05-12,2022-05-13,AAPL,Apple,Stock,Validation,9.870764870062926,7.902961411631418
2022-05-13,2022-05-16,AAPL,Apple,Stock,Validation,1.151188503580561,8.375982972534043
2022-05-16,2022-05-17,AAPL,Apple,Stock,Validation,6.30242026615907,8.09738695731951
2022-05-17,2022-05-18,AAPL,Apple,Stock,Validation,33.72481036625949,8.553324706544828
2022-05-18,2022-05-19,AAPL,Apple,Stock,Validation,6.225247463802826,9.676560844231483
2022-05-19,2022-05-20,AAPL,Apple,Stock,Validation,0.0304761632869135,9.778279076567909
2022-05-20,2022-05-23,AAPL,Apple,Stock,Validation,15.472759633834468,9.828389841226963
2022-05-23,2022-05-24,AAPL,Apple,Stock,Validation,3.764679479582909,10.702535872988673
2022-05-24,2022-05-25,AAPL,Apple,Stock,Validation,0.012975589792166,10.701232580552533
2022-05-25,2022-05-26,AAPL,Apple,Stock,Validation,5.259900539578656,10.21661201412933
2022-05-26,2022-05-27,AAPL,Apple,Stock,Validation,15.958393970518545,10.590027218645139
2022-05-27,2022-05-31,AAPL,Apple,Stock,Validation,0.2873306022723688,10.395412916226304
2022-05-31,2022-06-01,AAPL,Apple,Stock,Validation,0.0076356360733209,9.823935663468848
2022-06-01,2022-06-02,AAPL,Apple,Stock,Validation,2.7794101677397944,9.814620949482821
2022-06-02,2022-06-03,AAPL,Apple,Stock,Validation,15.4596661515873,9.926430214982151
2022-06-03,2022-06-06,AAPL,Apple,Stock,Validation,0.2718742938249596,9.545247665576586
2022-06-06,2022-06-07,AAPL,Apple,Stock,Validation,3.0391165819513226,8.213443740457901
2022-06-07,2022-06-08,AAPL,Apple,Stock,Validation,0.2556319835492506,8.392060110098894
2022-06-08,2022-06-09,AAPL,Apple,Stock,Validation,13.408943076760474,7.892186488063224
2022-06-09,2022-06-10,AAPL,Apple,Stock,Validation,15.519151993778976,8.300547884941347
2022-06-10,2022-06-13,AAPL,Apple,Stock,Validation,15.238888294330405,7.707733994505574
2022-06-13,2022-06-14,AAPL,Apple,Stock,Validation,0.4422688025660727,8.05768753797081
2022-06-14,2022-06-15,AAPL,Apple,Stock,Validation,3.964852408248364,7.479816969656257
2022-06-15,2022-06-16,AAPL,Apple,Stock,Validation,16.369191750808284,7.747905285785883
2022-06-16,2022-06-17,AAPL,Apple,Stock,Validation,1.3149411855808526,7.924118981896538
2022-06-17,2022-06-21,AAPL,Apple,Stock,Validation,10.391365918408985,6.644007521232529
2022-06-21,2022-06-22,AAPL,Apple,Stock,Validation,0.1470336005292727,6.959678218452424
2022-06-22,2022-06-23,AAPL,Apple,Stock,Validation,4.555609759739556,6.961885896676601
2022-06-23,2022-06-24,AAPL,Apple,Stock,Validation,5.866862365954629,6.3942588800065865
2022-06-24,2022-06-27,AAPL,Apple,Stock,Validation,0.0,6.525528701560253
2022-06-27,2022-06-28,AAPL,Apple,Stock,Validation,9.145953221774198,6.525349089926452
2022-06-28,2022-06-29,AAPL,Apple,Stock,Validation,1.674444149767041,6.672783845960858
2022-06-29,2022-06-30,AAPL,Apple,Stock,Validation,3.309632892171025,5.88322021270488
2022-06-30,2022-07-01,AAPL,Apple,Stock,Validation,2.5713392210540205,5.986355039010295
2022-07-01,2022-07-05,AAPL,Apple,Stock,Validation,3.516825714280715,6.1761238563531675
2022-07-05,2022-07-06,AAPL,Apple,Stock,Validation,0.9142268719491394,6.2196347538832
2022-07-06,2022-07-07,AAPL,Apple,Stock,Validation,5.624529134544573,5.588973395233078
2022-07-07,2022-07-08,AAPL,Apple,Stock,Validation,0.2212252417180698,5.863491338664433
2022-07-08,2022-07-11,AAPL,Apple,Stock,Validation,2.2105561521149864,5.719609162456391
2022-07-11,2022-07-12,AAPL,Apple,Stock,Validation,0.4638098355970288,5.809786436032665
2022-07-12,2022-07-13,AAPL,Apple,Stock,Validation,0.0645020575074134,5.1612705440370075
2022-07-13,2022-07-14,AAPL,Apple,Stock,Validation,4.110983061415528,4.317021622002072
2022-07-14,2022-07-15,AAPL,Apple,Stock,Validation,1.2962305571631458,3.50972253752348
2022-07-15,2022-07-18,AAPL,Apple,Stock,Validation,4.351114534333439,3.5251707334610187
2022-07-18,2022-07-19,AAPL,Apple,Stock,Validation,6.954253757360905,3.7441458647017476
2022-07-19,2022-07-20,AAPL,Apple,Stock,Validation,1.800867144779137,2.904661179946521
2022-07-20,2022-07-21,AAPL,Apple,Stock,Validation,2.244393860173161,2.914986506227077
2022-07-21,2022-07-22,AAPL,Apple,Stock,Validation,0.6632030991024122,2.6248106338162502
2022-07-22,2022-07-25,AAPL,Apple,Stock,Validation,0.5514565874123216,2.6776702920370417
2022-07-25,2022-07-26,AAPL,Apple,Stock,Validation,0.7859742028233264,2.6354063445990046
2022-07-26,2022-07-27,AAPL,Apple,Stock,Validation,11.331206572986568,2.514276587527436
2022-07-27,2022-07-28,AAPL,Apple,Stock,Validation,0.1271207179363571,2.9451528700106326
2022-07-28,2022-07-29,AAPL,Apple,Stock,Validation,10.41151920662184,2.3036301913329544
2022-07-29,2022-08-01,AAPL,Apple,Stock,Validation,0.3809954736213369,2.6070838049452085
2022-08-01,2022-08-02,AAPL,Apple,Stock,Validation,0.8706388936315309,2.3687155599472094
2022-08-02,2022-08-03,AAPL,Apple,Stock,Validation,14.088267224766907,2.4696376946273415
2022-08-03,2022-08-04,AAPL,Apple,Stock,Validation,0.0371810223484211,2.8634716994793377
2022-08-04,2022-08-05,AAPL,Apple,Stock,Validation,0.0193152822420648,2.9040429451136225
2022-08-05,2022-08-08,AAPL,Apple,Stock,Validation,0.0845129963886391,2.786377887186517
2022-08-08,2022-08-09,AAPL,Apple,Stock,Validation,0.0009194401224084,2.822902985942858
2022-08-09,2022-08-10,AAPL,Apple,Stock,Validation,6.685956268945186,2.6232534599726285
2022-08-10,2022-08-11,AAPL,Apple,Stock,Validation,0.1972536755800461,2.8068961417207365
2022-08-11,2022-08-12,AAPL,Apple,Stock,Validation,4.494018963127546,2.8270358042901886
2022-08-12,2022-08-15,AAPL,Apple,Stock,Validation,0.3986288306632847,2.8396516055410155
2022-08-15,2022-08-16,AAPL,Apple,Stock,Validation,0.0085380276537855,2.8301621802864516
2022-08-16,2022-08-17,AAPL,Apple,Stock,Validation,0.7649085663493773,2.466863000290909
2022-08-17,2022-08-18,AAPL,Apple,Stock,Validation,0.0526309448581031,2.287595959662849
2022-08-18,2022-08-19,AAPL,Apple,Stock,Validation,2.315587706183493,2.3037923427250897
2022-08-19,2022-08-22,AAPL,Apple,Stock,Validation,5.428448552120541,2.473452464474074
2022-08-22,2022-08-23,AAPL,Apple,Stock,Validation,0.0412475502506778,2.7787082161476797
2022-08-23,2022-08-24,AAPL,Apple,Stock,Validation,0.0321210099033708,2.730602820348764
2022-08-24,2022-08-25,AAPL,Apple,Stock,Validation,2.194162052541684,2.6442011667749448
2022-08-25,2022-08-26,AAPL,Apple,Stock,Validation,14.767392292001883,2.269818781763463
2022-08-26,2022-08-29,AAPL,Apple,Stock,Validation,1.9002047454875,3.124731876839591
2022-08-29,2022-08-30,AAPL,Apple,Stock,Validation,2.3788883089442905,2.7374025597552265
2022-08-30,2022-08-31,AAPL,Apple,Stock,Validation,1.1432022753649,2.8327970586350797
2022-08-31,2022-09-01,AAPL,Apple,Stock,Validation,0.2204969512499196,2.8454190961892456
2022-09-01,2022-09-02,AAPL,Apple,Stock,Validation,1.878077596521787,2.1010190324328293
2022-09-02,2022-09-06,AAPL,Apple,Stock,Validation,0.6805111304842772,2.1622617515103575
2022-09-06,2022-09-07,AAPL,Apple,Stock,Validation,0.8485276199229129,2.174335821070652
2022-09-07,2022-09-08,AAPL,Apple,Stock,Validation,0.9339833993376816,2.248094437345295
2022-09-08,2022-09-09,AAPL,Apple,Stock,Validation,3.4835027869328012,2.2660120853347943
2022-09-09,2022-09-12,AAPL,Apple,Stock,Validation,14.277207945460178,2.0822133545740678
2022-09-12,2022-09-13,AAPL,Apple,Stock,Validation,36.56806210115865,2.8899776145387714
2022-09-13,2022-09-14,AAPL,Apple,Stock,Validation,0.9043324735096676,4.216283476764337
2022-09-14,2022-09-15,AAPL,Apple,Stock,Validation,3.652416463884857,4.258395152792646
2022-09-15,2022-09-16,AAPL,Apple,Stock,Validation,1.2145564592594469,4.338341877951985
2022-09-16,2022-09-19,AAPL,Apple,Stock,Validation,6.137340180391406,4.231835957016427
2022-09-19,2022-09-20,AAPL,Apple,Stock,Validation,2.4161395705334994,4.707998827002856
2022-09-20,2022-09-21,AAPL,Apple,Stock,Validation,4.192550906756869,4.866057926474578
2022-09-21,2022-09-22,AAPL,Apple,Stock,Validation,0.4090349722280546,4.816051019265449
2022-09-22,2022-09-23,AAPL,Apple,Stock,Validation,2.3223827639019743,4.816056862440366
2022-09-23,2022-09-26,AAPL,Apple,Stock,Validation,0.0509681453041305,4.850157600883256
2022-09-26,2022-09-27,AAPL,Apple,Stock,Validation,0.4283705530125385,4.674876399434385
2022-09-27,2022-09-28,AAPL,Apple,Stock,Validation,1.6211108422669596,4.167228820964559
2022-09-28,2022-09-29,AAPL,Apple,Stock,Validation,25.367907591970727,4.1570190372713975
2022-09-29,2022-09-30,AAPL,Apple,Stock,Validation,9.302411553820246,5.153944024448954
2022-09-30,2022-10-03,AAPL,Apple,Stock,Validation,9.174429673072993,5.449622196508468
2022-10-03,2022-10-04,AAPL,Apple,Stock,Validation,6.401008364803873,6.038872861348281
2022-10-04,2022-10-05,AAPL,Apple,Stock,Validation,0.0420731074280996,6.42075599288042
2022-10-05,2022-10-06,AAPL,Apple,Stock,Validation,0.4418990174129381,6.417869666414013
2022-10-06,2022-10-07,AAPL,Apple,Stock,Validation,13.99502876263055,6.350734786714292
2022-10-07,2022-10-10,AAPL,Apple,Stock,Validation,0.0553519453639991,6.893098225565701
2022-10-10,2022-10-11,AAPL,Apple,Stock,Validation,1.0624266356322,6.6395072528696275
2022-10-11,2022-10-12,AAPL,Apple,Stock,Validation,0.2130672179717416,5.662712256224603
2022-10-12,2022-10-13,AAPL,Apple,Stock,Validation,10.92985369865528,4.201711561736202
2022-10-13,2022-10-14,AAPL,Apple,Stock,Validation,10.739401758992429,4.8088800127908105
2022-10-14,2022-10-17,AAPL,Apple,Stock,Validation,8.240689210946924,5.105027059853941
2022-10-17,2022-10-18,AAPL,Apple,Stock,Validation,0.8771312459186693,5.600949194009242
2022-10-18,2022-10-19,AAPL,Apple,Stock,Validation,0.0058497539734545,5.290771735520268
2022-10-19,2022-10-20,AAPL,Apple,Stock,Validation,0.1071035816168395,5.114393416748973
2022-10-20,2022-10-21,AAPL,Apple,Stock,Validation,7.128786179646694,4.974154382189225
2022-10-21,2022-10-24,AAPL,Apple,Stock,Validation,2.159159708336453,5.3936953880795
2022-10-24,2022-10-25,AAPL,Apple,Stock,Validation,3.6683841700370543,5.416184294440583
2022-10-25,2022-10-26,AAPL,Apple,Stock,Validation,3.9292219381468207,5.5955170621627826
2022-10-26,2022-10-27,AAPL,Apple,Stock,Validation,9.572222820842294,5.767013557708055
2022-10-27,2022-10-28,AAPL,Apple,Stock,Validation,53.04896653348495,6.1427980435250005
2022-10-28,2022-10-31,AAPL,Apple,Stock,Validation,2.4120094385297697,7.366184529427694
2022-10-31,2022-11-01,AAPL,Apple,Stock,Validation,3.1323565388957517,6.952897805777684
2022-11-01,2022-11-02,AAPL,Apple,Stock,Validation,14.45415990253726,6.833517931855626
2022-11-02,2022-11-03,AAPL,Apple,Stock,Validation,18.77504545797347,7.309470652304668
2022-11-03,2022-11-04,AAPL,Apple,Stock,Validation,0.0380025790087286,8.181199280713484
2022-11-04,2022-11-07,AAPL,Apple,Stock,Validation,0.1516972855705134,8.172276157245845
2022-11-07,2022-11-08,AAPL,Apple,Stock,Validation,0.1735930388336235,7.53396623479644
2022-11-08,2022-11-09,AAPL,Apple,Stock,Validation,11.392922459885511,7.540381158033059
2022-11-09,2022-11-10,AAPL,Apple,Stock,Validation,72.65260827768309,8.038329525231683
2022-11-10,2022-11-11,AAPL,Apple,Stock,Validation,3.642564331150486,11.58943112963634
2022-11-11,2022-11-14,AAPL,Apple,Stock,Validation,0.90837944970446,11.26133703396753
2022-11-14,2022-11-15,AAPL,Apple,Stock,Validation,1.3923254073233369,10.704341465712089
2022-11-15,2022-11-16,AAPL,Apple,Stock,Validation,0.6998933375187799,10.412082736210357
2022-11-16,2022-11-17,AAPL,Apple,Stock,Validation,1.66091339051743,10.441203063911967
2022-11-17,2022-11-18,AAPL,Apple,Stock,Validation,0.1424734625196849,10.499607140506061
2022-11-18,2022-11-21,AAPL,Apple,Stock,Validation,4.804311392468476,10.4840044380521
2022-11-21,2022-11-22,AAPL,Apple,Stock,Validation,2.1184573138522858,10.439501480552202
2022-11-22,2022-11-23,AAPL,Apple,Stock,Validation,0.3491407152110153,10.437510095015554
2022-11-23,2022-11-25,AAPL,Apple,Stock,Validation,3.915725905681128,10.271489978344512
2022-11-25,2022-11-28,AAPL,Apple,Stock,Validation,7.083676389676278,10.27082604232291
2022-11-28,2022-11-29,AAPL,Apple,Stock,Validation,4.569004229146635,10.14732896123341
2022-11-29,2022-11-30,AAPL,Apple,Stock,Validation,22.51543250663072,7.501439254344531
2022-11-30,2022-12-01,AAPL,Apple,Stock,Validation,0.0357053699660928,8.701778236361077
2022-12-01,2022-12-02,AAPL,Apple,Stock,Validation,0.1140465692392588,8.569137007861453
2022-12-02,2022-12-05,AAPL,Apple,Stock,Validation,0.6424375183346641,7.84664829124748
2022-12-05,2022-12-06,AAPL,Apple,Stock,Validation,6.60355206898914,6.875606557853966
2022-12-06,2022-12-07,AAPL,Apple,Stock,Validation,1.926767630552352,7.253738481999133
2022-12-07,2022-12-08,AAPL,Apple,Stock,Validation,1.454381294079139,7.362234668763053
2022-12-08,2022-12-09,AAPL,Apple,Stock,Validation,0.1184012281096244,7.419364538234431
2022-12-09,2022-12-12,AAPL,Apple,Stock,Validation,2.6429349177028456,6.80152992686593
2022-12-12,2022-12-13,AAPL,Apple,Stock,Validation,0.4569189838828034,3.3606710506451867
2022-12-13,2022-12-14,AAPL,Apple,Stock,Validation,2.4516644703363903,3.1881821050015575
2022-12-14,2022-12-15,AAPL,Apple,Stock,Validation,23.027970048422663,3.2560897883627526
2022-12-15,2022-12-16,AAPL,Apple,Stock,Validation,2.156819342099916,4.153716212408724
2022-12-16,2022-12-19,AAPL,Apple,Stock,Validation,2.572032954758064,4.1971474323964495
2022-12-19,2022-12-20,AAPL,Apple,Stock,Validation,0.0027966627799889,4.083807187297525
2022-12-20,2022-12-21,AAPL,Apple,Stock,Validation,5.536830235694386,4.049778600720124
2022-12-21,2022-12-22,AAPL,Apple,Stock,Validation,5.788692704219488,4.327505505280819
2022-12-22,2022-12-23,AAPL,Apple,Stock,Validation,0.0785223235977632,4.312456414830503
2022-12-23,2022-12-27,AAPL,Apple,Stock,Validation,1.9530886061017825,4.244316988465318
2022-12-27,2022-12-28,AAPL,Apple,Stock,Validation,9.713184070917276,4.183026800645363
2022-12-28,2022-12-29,AAPL,Apple,Stock,Validation,7.801252484726651,4.285796306459948
2022-12-29,2022-12-30,AAPL,Apple,Stock,Validation,0.0607963694081253,4.705883823978131
2022-12-30,2023-01-03,AAPL,Apple,Stock,Validation,14.533017390951915,3.35195818468348
2023-01-03,2023-01-04,AAPL,Apple,Stock,Validation,1.0529396724964144,3.7902149760644774
2023-01-04,2023-01-05,AAPL,Apple,Stock,Validation,1.136590328226051,3.9434167859734233
2023-01-05,2023-01-06,AAPL,Apple,Stock,Validation,13.056200404304676,3.948202748102421
2023-01-06,2023-01-09,AAPL,Apple,Stock,Validation,0.1664984414171148,4.6492491861741865
2023-01-09,2023-01-10,AAPL,Apple,Stock,Validation,0.1977205870418113,4.637038411393515
2023-01-10,2023-01-11,AAPL,Apple,Stock,Validation,4.364969508769592,4.543950773679696
2023-01-11,2023-01-12,AAPL,Apple,Stock,Validation,0.0035951883675086,4.843292413633708
2023-01-12,2023-01-13,AAPL,Apple,Stock,Validation,1.013686244192333,4.6540488754222284
2023-01-13,2023-01-17,AAPL,Apple,Stock,Validation,0.7601019533306427,4.694196706802996
2023-01-17,2023-01-18,AAPL,Apple,Stock,Validation,0.2899353255192393,4.684240425485852
2023-01-18,2023-01-19,AAPL,Apple,Stock,Validation,0.0019691147442599,3.6098167650339144
2023-01-19,2023-01-20,AAPL,Apple,Stock,Validation,3.624638437505803,3.503465171305792
2023-01-20,2023-01-23,AAPL,Apple,Stock,Validation,5.39558505842711,3.517390902955433
2023-01-23,2023-01-24,AAPL,Apple,Stock,Validation,1.0025748599707192,3.727536532856095
2023-01-24,2023-01-25,AAPL,Apple,Stock,Validation,0.2220138838093271,3.537970676281838
2023-01-25,2023-01-26,AAPL,Apple,Stock,Validation,2.15934244497138,3.2037822390363653
2023-01-26,2023-01-27,AAPL,Apple,Stock,Validation,1.847398514172459,3.241963020814013
2023-01-27,2023-01-30,AAPL,Apple,Stock,Validation,4.113890364901451,3.1033341623793147
2023-01-30,2023-01-31,AAPL,Apple,Stock,Validation,0.8064824118787065,2.7607629838010554
2023-01-31,2023-02-01,AAPL,Apple,Stock,Validation,0.6193250726903898,2.5163971763463553
2023-02-01,2023-02-02,AAPL,Apple,Stock,Validation,13.24403530822938,2.5160175744830764
2023-02-02,2023-02-03,AAPL,Apple,Stock,Validation,5.811523436955512,1.919476908014951
2023-02-03,2023-02-06,AAPL,Apple,Stock,Validation,3.27311316759806,2.029407166948025
2023-02-06,2023-02-07,AAPL,Apple,Stock,Validation,3.633655140540851,2.2060615941434465
2023-02-07,2023-02-08,AAPL,Apple,Stock,Validation,3.1721213130804005,1.8853992878825185
2023-02-08,2023-02-09,AAPL,Apple,Stock,Validation,0.4810141945975655,2.2083181508935548
2023-02-09,2023-02-10,AAPL,Apple,Stock,Validation,0.0601833620647516,2.303228273424374
2023-02-10,2023-02-13,AAPL,Apple,Stock,Validation,3.471508395826353,2.205706093827979
2023-02-13,2023-02-14,AAPL,Apple,Stock,Validation,0.1792862162034805,2.2559637361825553
2023-02-14,2023-02-15,AAPL,Apple,Stock,Validation,1.9065855167058108,2.3074993248809035
2023-02-15,2023-02-16,AAPL,Apple,Stock,Validation,1.09918400664821,2.332754796490037
2023-02-16,2023-02-17,AAPL,Apple,Stock,Validation,0.5738414307190223,2.405348348251406
2023-02-17,2023-02-21,AAPL,Apple,Stock,Validation,7.312821384669471,2.4819622115976663
2023-02-21,2023-02-22,AAPL,Apple,Stock,Validation,0.0836292514340614,2.882961593562786
2023-02-22,2023-02-23,AAPL,Apple,Stock,Validation,0.1079328552543042,2.6807908558214786
2023-02-23,2023-02-24,AAPL,Apple,Stock,Validation,3.3012867397285737,2.6527060210043816
2023-02-24,2023-02-27,AAPL,Apple,Stock,Validation,0.6746218183513787,2.833502675819512
2023-02-27,2023-02-28,AAPL,Apple,Stock,Validation,0.1192678197807549,2.7691125633706823
2023-02-28,2023-03-01,AAPL,Apple,Stock,Validation,2.0588160152934027,2.6990526226935194
2023-03-01,2023-03-02,AAPL,Apple,Stock,Validation,0.1697933270825168,2.5921779445125286
2023-03-02,2023-03-03,AAPL,Apple,Stock,Validation,11.894603488669368,2.563842704673651
2023-03-03,2023-03-06,AAPL,Apple,Stock,Validation,3.3743806688875253,3.094649894328277
2023-03-06,2023-03-07,AAPL,Apple,Stock,Validation,2.1324061817438156,2.6271699094051
2023-03-07,2023-03-08,AAPL,Apple,Stock,Validation,0.6959925277465295,2.446774766220028
2023-03-08,2023-03-09,AAPL,Apple,Stock,Validation,2.2581022247000413,2.323213245266453
2023-03-09,2023-03-10,AAPL,Apple,Stock,Validation,1.9532507086263795,2.2413949611593567
2023-03-10,2023-03-13,AAPL,Apple,Stock,Validation,1.7367574755119977,2.1846805532054066
2023-03-13,2023-03-14,AAPL,Apple,Stock,Validation,1.9574891960091547,2.2581822052862828
2023-03-14,2023-03-15,AAPL,Apple,Stock,Validation,0.0685324418224018,2.3504984201298567
2023-03-15,2023-03-16,AAPL,Apple,Stock,Validation,3.430467543973694,2.1821808964898866
2023-03-16,2023-03-17,AAPL,Apple,Stock,Validation,0.2990842431317679,2.338485121861867
2023-03-17,2023-03-20,AAPL,Apple,Stock,Validation,2.360865073370427,2.265005384329471
2023-03-20,2023-03-21,AAPL,Apple,Stock,Validation,1.4097143498432907,2.3147979839227175
2023-03-21,2023-03-22,AAPL,Apple,Stock,Validation,0.8363151849521727,2.325616090288967
2023-03-22,2023-03-23,AAPL,Apple,Stock,Validation,0.4823848418379672,1.9573719584446085
2023-03-23,2023-03-24,AAPL,Apple,Stock,Validation,0.6841622155592201,1.965130842997104
2023-03-24,2023-03-27,AAPL,Apple,Stock,Validation,1.5300263652545438,1.9778883193801575
2023-03-27,2023-03-28,AAPL,Apple,Stock,Validation,0.1591022731639237,1.8691611604951266
2023-03-28,2023-03-29,AAPL,Apple,Stock,Validation,3.840677756681464,1.883947196052268
2023-03-29,2023-03-30,AAPL,Apple,Stock,Validation,0.9685115295913932,1.9874383937094664
2023-03-30,2023-03-31,AAPL,Apple,Stock,Validation,2.4097067440556827,1.819056074710359
2023-03-31,2023-04-03,AAPL,Apple,Stock,Validation,0.5886014223912823,1.8677139786789951
2023-04-03,2023-04-04,AAPL,Apple,Stock,Validation,0.1059308467327785,1.4415289831469902
2023-04-04,2023-04-05,AAPL,Apple,Stock,Validation,1.2892969494367492,1.3653452786761804
2023-04-05,2023-04-06,AAPL,Apple,Stock,Validation,0.3004068086839053,1.311507309959762
2023-04-06,2023-04-10,AAPL,Apple,Stock,Validation,2.5925699723701014,1.3020471986955164
2023-04-10,2023-04-11,AAPL,Apple,Stock,Validation,0.5806134359527917,1.3225444354331002
2023-04-11,2023-04-12,AAPL,Apple,Stock,Validation,0.1903385767154519,1.2307890379104145
2023-04-12,2023-04-13,AAPL,Apple,Stock,Validation,11.245904233047732,1.2126124659361235
2023-04-13,2023-04-14,AAPL,Apple,Stock,Validation,0.0447831459665579,1.610205209957062
2023-04-14,2023-04-17,AAPL,Apple,Stock,Validation,0.0001461464957467,1.6268746532843281
2023-04-17,2023-04-18,AAPL,Apple,Stock,Validation,0.5590135732444931,1.5146301506911128
2023-04-18,2023-04-19,AAPL,Apple,Stock,Validation,0.4821907964133834,1.487608094947021
2023-04-19,2023-04-20,AAPL,Apple,Stock,Validation,0.3437758172819612,1.4206136311089477
2023-04-20,2023-04-21,AAPL,Apple,Stock,Validation,0.9661054530651524,1.413009455784872
2023-04-21,2023-04-24,AAPL,Apple,Stock,Validation,0.0352224093236455,1.4209611957145294
2023-04-24,2023-04-25,AAPL,Apple,Stock,Validation,0.898799178144978,1.4087437127172207
2023-04-25,2023-04-26,AAPL,Apple,Stock,Validation,3.7420087000798754e-05,1.445345786088446
2023-04-26,2023-04-27,AAPL,Apple,Stock,Validation,7.8397708651024205,1.3525045558110234
2023-04-27,2023-04-28,AAPL,Apple,Stock,Validation,0.5644393888127059,1.660329232253493
2023-04-28,2023-05-01,AAPL,Apple,Stock,Validation,0.0028161478833838,1.5310347615754787
2023-05-01,2023-05-02,AAPL,Apple,Stock,Validation,0.3857067699178225,1.506829595102439
2023-05-02,2023-05-03,AAPL,Apple,Stock,Validation,0.4209973264493744,1.4394729915029476
2023-05-03,2023-05-04,AAPL,Apple,Stock,Validation,0.992584886941739,1.4410413139986462
2023-05-04,2023-05-05,AAPL,Apple,Stock,Validation,21.03055090969545,1.4867537793403411
2023-05-05,2023-05-08,AAPL,Apple,Stock,Validation,0.0016271623655758,2.3932480095943047
2023-05-08,2023-05-09,AAPL,Apple,Stock,Validation,1.00422932071794,2.3937867303659504
2023-05-09,2023-05-10,AAPL,Apple,Stock,Validation,1.074721312164449,2.298348030021689
2023-05-10,2023-05-11,AAPL,Apple,Stock,Validation,0.0119727048412376,2.2653517795726494
2023-05-11,2023-05-12,AAPL,Apple,Stock,Validation,0.2950990292735638,2.235881388923259
2023-05-12,2023-05-15,AAPL,Apple,Stock,Validation,0.0841910456924258,1.8040091137821306
2023-05-15,2023-05-16,AAPL,Apple,Stock,Validation,0.0,1.8075674027351165
2023-05-16,2023-05-17,AAPL,Apple,Stock,Validation,0.1293564723596388,1.807801910598353
2023-05-17,2023-05-18,AAPL,Apple,Stock,Validation,1.8424603425910633,1.7937107006596118
2023-05-18,2023-05-19,AAPL,Apple,Stock,Validation,0.0039449865973437,1.8486604349706788
2023-05-19,2023-05-22,AAPL,Apple,Stock,Validation,0.3020232315458144,1.8168499301290688
2023-05-22,2023-05-23,AAPL,Apple,Stock,Validation,2.332035043811575,1.7726363040121467
2023-05-23,2023-05-24,AAPL,Apple,Stock,Validation,0.0265911849932666,1.9258109881946006
2023-05-24,2023-05-25,AAPL,Apple,Stock,Validation,0.4449053364635273,1.8589583859770975
2023-05-25,2023-05-26,AAPL,Apple,Stock,Validation,1.9616892938091044,1.864261767936243
2023-05-26,2023-05-30,AAPL,Apple,Stock,Validation,1.1242811244856743,1.6031543183416535
2023-05-30,2023-05-31,AAPL,Apple,Stock,Validation,0.0007946651762933,1.624705944265217
2023-05-31,2023-06-01,AAPL,Apple,Stock,Validation,2.526664138727969,1.6240666200308365
2023-06-01,2023-06-02,AAPL,Apple,Stock,Validation,0.2269522699221365,1.6715199551971751
2023-06-02,2023-06-05,AAPL,Apple,Stock,Validation,0.577584338537259,1.6225457753942378
2023-06-05,2023-06-06,AAPL,Apple,Stock,Validation,0.0425333397292888,1.5927827770641914
2023-06-06,2023-06-07,AAPL,Apple,Stock,Validation,0.6063199373027977,0.6741857768904619
2023-06-07,2023-06-08,AAPL,Apple,Stock,Validation,2.355184345460869,0.7148512780204425
2023-06-08,2023-06-09,AAPL,Apple,Stock,Validation,0.0465481497274491,0.7356977738232261
2023-06-09,2023-06-12,AAPL,Apple,Stock,Validation,2.4080411282580503,0.702756129141246
2023-06-12,2023-06-13,AAPL,Apple,Stock,Validation,0.0683886960672284,0.7879793541750385
2023-06-13,2023-06-14,AAPL,Apple,Stock,Validation,0.1214682305244525,0.7687333165260459
2023-06-14,2023-06-15,AAPL,Apple,Stock,Validation,1.2402257570795856,0.7512636913868105
2023-06-15,2023-06-16,AAPL,Apple,Stock,Validation,0.3454178669152992,0.7749171258259727
2023-06-16,2023-06-20,AAPL,Apple,Stock,Validation,0.0023678460200879,0.8187262232675356
2023-06-20,2023-06-21,AAPL,Apple,Stock,Validation,0.3239265374689936,0.765286015266897
2023-06-21,2023-06-22,AAPL,Apple,Stock,Validation,2.6864456390947047,0.7969871557771161
2023-06-22,2023-06-23,AAPL,Apple,Stock,Validation,0.0293367856384626,0.8537167663007471
2023-06-23,2023-06-26,AAPL,Apple,Stock,Validation,0.5748257241730599,0.6884270237787058
2023-06-26,2023-06-27,AAPL,Apple,Stock,Validation,2.2340765788639683,0.7508707247656894
2023-06-27,2023-06-28,AAPL,Apple,Stock,Validation,0.3978733944501399,0.8090398933735863
2023-06-28,2023-06-29,AAPL,Apple,Stock,Validation,0.0322266690847363,0.7600579374685534
2023-06-29,2023-06-30,AAPL,Apple,Stock,Validation,5.216456551835422,0.7354129191074399
2023-06-30,2023-07-03,AAPL,Apple,Stock,Validation,0.6107670578984247,0.9096760703418081
2023-07-03,2023-07-05,AAPL,Apple,Stock,Validation,0.3467634010961724,0.9022732456864413
2023-07-05,2023-07-06,AAPL,Apple,Stock,Validation,0.0627864619582239,0.9392605049403434
2023-07-06,2023-07-07,AAPL,Apple,Stock,Validation,0.3491532883153995,0.8842471471436788
2023-07-07,2023-07-10,AAPL,Apple,Stock,Validation,1.19141236912446,0.9112939002279983
2023-07-10,2023-07-11,AAPL,Apple,Stock,Validation,0.0791836022411629,0.9495577552885583
2023-07-11,2023-07-12,AAPL,Apple,Stock,Validation,0.8002401810577959,0.878849468402391
2023-07-12,2023-07-13,AAPL,Apple,Stock,Validation,0.1639566936257117,0.9022651401135878
2023-07-13,2023-07-14,AAPL,Apple,Stock,Validation,0.0061936372724307,0.8128905741229172
2023-07-14,2023-07-17,AAPL,Apple,Stock,Validation,2.9438104609354707,0.803661964241889
2023-07-17,2023-07-18,AAPL,Apple,Stock,Validation,0.0179868288696188,0.914630594754868
2023-07-18,2023-07-19,AAPL,Apple,Stock,Validation,0.4965560740952726,0.8813878183340295
2023-07-19,2023-07-20,AAPL,Apple,Stock,Validation,1.0299101491060023,0.8599416423870425
2023-07-20,2023-07-21,AAPL,Apple,Stock,Validation,0.3820484673599331,0.9357649171778298
2023-07-21,2023-07-24,AAPL,Apple,Stock,Validation,0.1773402291830624,0.9396666500079236
2023-07-24,2023-07-25,AAPL,Apple,Stock,Validation,0.2028147307233977,0.8353073564073357
2023-07-25,2023-07-26,AAPL,Apple,Stock,Validation,0.2056459606419474,0.8340963681296806
2023-07-26,2023-07-27,AAPL,Apple,Stock,Validation,0.4359807526779796,0.7910813381065424
2023-07-27,2023-07-28,AAPL,Apple,Stock,Validation,1.800297877070263,0.7400102983308805
2023-07-28,2023-07-31,AAPL,Apple,Stock,Validation,0.0999196942962377,0.7997636827527786
2023-07-31,2023-08-01,AAPL,Apple,Stock,Validation,0.1836017790002637,0.8008809932257044
2023-08-01,2023-08-02,AAPL,Apple,Stock,Validation,2.437180293923903,0.5776306875342658
2023-08-02,2023-08-03,AAPL,Apple,Stock,Validation,0.5399706286275678,0.6706299007651809
2023-08-03,2023-08-04,AAPL,Apple,Stock,Validation,24.217757011426112,0.6802828497418616
2023-08-04,2023-08-07,AAPL,Apple,Stock,Validation,3.02902356047259,1.8222886865517711
2023-08-07,2023-08-08,AAPL,Apple,Stock,Validation,0.2806466538911881,1.9243687062885697
2023-08-08,2023-08-09,AAPL,Apple,Stock,Validation,0.8090578655585329,1.9220201329164515
2023-08-09,2023-08-10,AAPL,Apple,Stock,Validation,0.0152657099022909,1.9435249514492283
2023-08-10,2023-08-11,AAPL,Apple,Stock,Validation,0.0011394744719603,1.8756199124726909
2023-08-11,2023-08-14,AAPL,Apple,Stock,Validation,0.8741096440513406,1.8558045186516368
2023-08-14,2023-08-15,AAPL,Apple,Stock,Validation,1.2686457961259765,1.9251437210684639
2023-08-15,2023-08-16,AAPL,Apple,Stock,Validation,0.2471642280218096,1.741834003296276
2023-08-16,2023-08-17,AAPL,Apple,Stock,Validation,2.1497735018207496,1.7378059828250294
2023-08-17,2023-08-18,AAPL,Apple,Stock,Validation,0.0790754559988639,1.7147626519476364
2023-08-18,2023-08-21,AAPL,Apple,Stock,Validation,0.5940015947406744,1.7330275729828475
2023-08-21,2023-08-22,AAPL,Apple,Stock,Validation,0.6199531150157535,1.8052640743037862
2023-08-22,2023-08-23,AAPL,Apple,Stock,Validation,4.713916734266108,1.8421194048726957
2023-08-23,2023-08-24,AAPL,Apple,Stock,Validation,7.032581305115092,2.128306045803939
2023-08-24,2023-08-25,AAPL,Apple,Stock,Validation,1.5785151181970327,2.34999929240405
2023-08-25,2023-08-28,AAPL,Apple,Stock,Validation,0.77564986258267,2.486402208014502
2023-08-28,2023-08-29,AAPL,Apple,Stock,Validation,4.655200823375178,2.41769841718006
2023-08-29,2023-08-30,AAPL,Apple,Stock,Validation,3.606479318580913,2.7091940063099735
2023-08-30,2023-08-31,AAPL,Apple,Stock,Validation,0.0137318745604499,2.937787561683334
2023-08-31,2023-09-01,AAPL,Apple,Stock,Validation,0.7102768233653011,2.8420326364412363
2023-09-01,2023-09-05,AAPL,Apple,Stock,Validation,0.0160269768141788,2.8622100605370866
2023-09-05,2023-09-06,AAPL,Apple,Stock,Validation,13.285813092923949,1.609811402513531
2023-09-06,2023-09-07,AAPL,Apple,Stock,Validation,8.812493031192524,2.1528689668445424
2023-09-07,2023-09-08,AAPL,Apple,Stock,Validation,0.1215062145311464,2.589963658252567
2023-09-08,2023-09-11,AAPL,Apple,Stock,Validation,0.4356845677600451,2.5585261655413687
2023-09-11,2023-09-12,AAPL,Apple,Stock,Validation,2.9610472368288434,2.5776024997128233
2023-09-12,2023-09-13,AAPL,Apple,Stock,Validation,1.4222375866271668,2.725895968563451
2023-09-13,2023-09-14,AAPL,Apple,Stock,Validation,0.7646035716459868,2.733999301634797
2023-09-14,2023-09-15,AAPL,Apple,Stock,Validation,0.1732663828959035,2.7275540166202394
2023-09-15,2023-09-18,AAPL,Apple,Stock,Validation,2.8129639494473935,2.724216597782345
2023-09-18,2023-09-19,AAPL,Apple,Stock,Validation,0.3796921000658719,2.7471337025361424
2023-09-19,2023-09-20,AAPL,Apple,Stock,Validation,4.078271260192393,2.758298684371483
2023-09-20,2023-09-21,AAPL,Apple,Stock,Validation,0.7973296635304477,2.9484010330831376
2023-09-21,2023-09-22,AAPL,Apple,Stock,Validation,0.2432980579144074,2.9489532303091335
2023-09-22,2023-09-25,AAPL,Apple,Stock,Validation,0.5406896217615076,2.703701487660901
2023-09-25,2023-09-26,AAPL,Apple,Stock,Validation,5.605738229560955,2.4091698622679045
2023-09-26,2023-09-27,AAPL,Apple,Stock,Validation,0.7987414903277695,2.576322811057474
2023-09-27,2023-09-28,AAPL,Apple,Stock,Validation,0.0232349619204246,2.537920385693777
2023-09-28,2023-09-29,AAPL,Apple,Stock,Validation,0.0925164026404094,2.2435770074985566
2023-09-29,2023-10-02,AAPL,Apple,Stock,Validation,2.168781759850348,2.0043004241011233
2023-10-02,2023-10-03,AAPL,Apple,Stock,Validation,0.6084482664990837,2.1668602238203905
2023-10-03,2023-10-04,AAPL,Apple,Stock,Validation,0.5303097322301393,2.0951201797333825
2023-10-04,2023-10-05,AAPL,Apple,Stock,Validation,0.5143802366925821,2.1470058115796413
2023-10-05,2023-10-06,AAPL,Apple,Stock,Validation,2.144077205909831,1.6466396100101082
2023-10-06,2023-10-09,AAPL,Apple,Stock,Validation,0.7082761570073135,1.360837223507338
2023-10-09,2023-10-10,AAPL,Apple,Stock,Validation,0.112758815401119,1.389689565209878
2023-10-10,2023-10-11,AAPL,Apple,Stock,Validation,0.6198530349275732,1.3733329882784806
2023-10-11,2023-10-12,AAPL,Apple,Stock,Validation,0.2548655596777106,1.2477725203310972
2023-10-12,2023-10-13,AAPL,Apple,Stock,Validation,1.0704064080399536,1.1666543804061225
2023-10-13,2023-10-16,AAPL,Apple,Stock,Validation,0.0052884583075062,1.2065682553390271
2023-10-16,2023-10-17,AAPL,Apple,Stock,Validation,0.7785657475246924,1.1950187453555734
2023-10-17,2023-10-18,AAPL,Apple,Stock,Validation,0.5508920112674592,1.1032683501784712
2023-10-18,2023-10-19,AAPL,Apple,Stock,Validation,0.0468013984959887,1.1044474545953513
2023-10-19,2023-10-20,AAPL,Apple,Stock,Validation,2.194349272481259,0.9107619649366171
2023-10-20,2023-10-23,AAPL,Apple,Stock,Validation,0.0048142620343319,0.9797407172584526
2023-10-23,2023-10-24,AAPL,Apple,Stock,Validation,0.0645221129661959,0.9661666083451792
2023-10-24,2023-10-25,AAPL,Apple,Stock,Validation,1.8451053607364265,0.939447448845543
2023-10-25,2023-10-26,AAPL,Apple,Stock,Validation,6.2067219114250785,0.7562509225288323
2023-10-26,2023-10-27,AAPL,Apple,Stock,Validation,0.6300508774005082,1.0167586676314846
2023-10-27,2023-10-30,AAPL,Apple,Stock,Validation,1.4957785209470913,1.0525303287004637
2023-10-30,2023-10-31,AAPL,Apple,Stock,Validation,0.0792412908415344,1.1270611624312807
2023-10-31,2023-11-01,AAPL,Apple,Stock,Validation,3.446563699281671,1.0161495766069961
2023-11-01,2023-11-02,AAPL,Apple,Stock,Validation,4.1952708978190705,1.1632243709463408
2023-11-02,2023-11-03,AAPL,Apple,Stock,Validation,0.2698440222272796,1.336625430304929
2023-11-03,2023-11-06,AAPL,Apple,Stock,Validation,2.1023733367311968,1.3338692921107334
2023-11-06,2023-11-07,AAPL,Apple,Stock,Validation,2.0584676457348774,1.3318510672433659
2023-11-07,2023-11-08,AAPL,Apple,Stock,Validation,0.3442906301986019,1.3957674471433725
2023-11-08,2023-11-09,AAPL,Apple,Stock,Validation,0.0690694082837857,1.3984259498768061
2023-11-09,2023-11-10,AAPL,Apple,Stock,Validation,5.269196219921298,1.3807189994648534
2023-11-10,2023-11-13,AAPL,Apple,Stock,Validation,0.7431630770530361,1.6115127898532826
2023-11-13,2023-11-14,AAPL,Apple,Stock,Validation,2.0120119833065933,1.5924245108261808
2023-11-14,2023-11-15,AAPL,Apple,Stock,Validation,0.0921968162299569,1.6632927775081447
2023-11-15,2023-11-16,AAPL,Apple,Stock,Validation,0.8102838274704675,1.597977240020265
2023-11-16,2023-11-17,AAPL,Apple,Stock,Validation,0.0001116812393145,1.5569618394994178
2023-11-17,2023-11-20,AAPL,Apple,Stock,Validation,0.8529764495225618,1.5469582937181252
2023-11-20,2023-11-21,AAPL,Apple,Stock,Validation,0.1797712373985707,1.3753095761280645
2023-11-21,2023-11-22,AAPL,Apple,Stock,Validation,0.1230870902088888,1.4077581185365113
2023-11-22,2023-11-24,AAPL,Apple,Stock,Validation,0.4940947431060822,1.4061265274574546
2023-11-24,2023-11-27,AAPL,Apple,Stock,Validation,0.0089842689933734,1.30653581492483
2023-11-27,2023-11-28,AAPL,Apple,Stock,Validation,0.1029644342403624,0.8620806458997844
2023-11-28,2023-11-29,AAPL,Apple,Stock,Validation,0.2942353908218214,0.8644446654003101
2023-11-29,2023-11-30,AAPL,Apple,Stock,Validation,0.0935248973097161,0.9021768491179932
2023-11-30,2023-12-01,AAPL,Apple,Stock,Validation,0.4581195558695448,0.9016444726172648
2023-12-01,2023-12-04,AAPL,Apple,Stock,Validation,0.9043687930601262,0.8094415621561403
2023-12-04,2023-12-05,AAPL,Apple,Stock,Validation,4.344966307034733,0.7605336235634652
2023-12-05,2023-12-06,AAPL,Apple,Stock,Validation,0.3252688114030314,0.8663442580112053
2023-12-06,2023-12-07,AAPL,Apple,Stock,Validation,1.0176729744970106,0.8562884385237771
2023-12-07,2023-12-08,AAPL,Apple,Stock,Validation,0.5454196592232909,0.8183812854218949
2023-12-08,2023-12-11,AAPL,Apple,Stock,Validation,1.6930524359889365,0.8235013466964192
2023-12-11,2023-12-12,AAPL,Apple,Stock,Validation,0.6223642720782712,0.9362834725487417
2023-12-12,2023-12-13,AAPL,Apple,Stock,Validation,2.740240918423007,0.7406370870848028
2023-12-13,2023-12-14,AAPL,Apple,Stock,Validation,0.005734826056191,0.7731153852090475
2023-12-14,2023-12-15,AAPL,Apple,Stock,Validation,0.0744955877432734,0.7124931689703989
2023-12-15,2023-12-18,AAPL,Apple,Stock,Validation,0.7292558524213264,0.726017217193409
2023-12-18,2023-12-19,AAPL,Apple,Stock,Validation,0.285796755700718,0.7560684974345965
2023-12-19,2023-12-20,AAPL,Apple,Stock,Validation,1.1603287661205943,0.7613231501144271
2023-12-20,2023-12-21,AAPL,Apple,Stock,Validation,0.0059308408850209,0.8028952337169576
2023-12-21,2023-12-22,AAPL,Apple,Stock,Validation,0.3094763913695331,0.7910249396958736
2023-12-22,2023-12-26,AAPL,Apple,Stock,Validation,0.0809345648807417,0.8074437460267772
2023-12-26,2023-12-27,AAPL,Apple,Stock,Validation,0.0026796501661417,0.783997984657969
2023-12-27,2023-12-28,AAPL,Apple,Stock,Validation,0.0494622051120506,0.7825092312202798
2023-12-28,2023-12-29,AAPL,Apple,Stock,Validation,0.2958316134220791,0.7806339793856986
2023-12-29,2024-01-02,AAPL,Apple,Stock,Test,13.280665235560374,0.7807253750975146
2024-01-02,2024-01-03,AAPL,Apple,Stock,Test,0.5648848519952426,1.4340610535288392
2024-01-03,2024-01-04,AAPL,Apple,Stock,Test,1.6336144857355015,1.4189293669711778
2024-01-04,2024-01-05,AAPL,Apple,Stock,Test,0.1616947322086341,1.4493360764636174
2024-01-05,2024-01-08,AAPL,Apple,Stock,Test,5.705965715965732,1.1774869646472532
2024-01-08,2024-01-09,AAPL,Apple,Stock,Test,0.0513446414743992,1.5177894030211787
2024-01-09,2024-01-10,AAPL,Apple,Stock,Test,0.3198409492265964,1.4447889061281596
2024-01-10,2024-01-11,AAPL,Apple,Stock,Test,0.1041871163329634,1.429473635924025
2024-01-11,2024-01-12,AAPL,Apple,Stock,Test,0.031559588538409,1.3709840250707566
2024-01-12,2024-01-16,AAPL,Apple,Stock,Test,1.535957823076046,1.3288873331740292
2024-01-16,2024-01-17,AAPL,Apple,Stock,Test,0.2690603332232029,1.1850458505269799
2024-01-17,2024-01-18,AAPL,Apple,Stock,Test,10.272975099042071,1.1761006372620597
2024-01-18,2024-01-19,AAPL,Apple,Stock,Test,2.3758156350655666,1.7915199142957778
2024-01-19,2024-01-22,AAPL,Apple,Stock,Test,1.4616857474362006,1.913004606850249
2024-01-22,2024-01-23,AAPL,Apple,Stock,Test,0.4397082966677603,1.9778944320630838
2024-01-23,2024-01-24,AAPL,Apple,Stock,Test,0.1217947921964825,1.9475870847821501
2024-01-24,2024-01-25,AAPL,Apple,Stock,Test,0.028839752333029,1.9534365983308934
2024-01-25,2024-01-26,AAPL,Apple,Stock,Test,0.8196500313130439,1.9392193746304636
2024-01-26,2024-01-29,AAPL,Apple,Stock,Test,0.1290487872320296,1.976106510444135
2024-01-29,2024-01-30,AAPL,Apple,Stock,Test,3.776673233152632,1.9813830293826207
2024-01-30,2024-01-31,AAPL,Apple,Stock,Test,3.8209833448747657,2.1489657414475025
2024-01-31,2024-02-01,AAPL,Apple,Stock,Test,1.7563013897499813,2.300976811077193
2024-02-01,2024-02-02,AAPL,Apple,Stock,Test,0.2937388351402383,1.7680576887212243
2024-02-02,2024-02-05,AAPL,Apple,Stock,Test,0.9600819188840936,1.7537419430675876
2024-02-05,2024-02-06,AAPL,Apple,Stock,Test,0.7386904777056217,1.6986292515068535
2024-02-06,2024-02-07,AAPL,Apple,Stock,Test,0.0033754985321551,1.7049302369251553
2024-02-07,2024-02-08,AAPL,Apple,Stock,Test,0.3330939879995556,1.4555246355884626
2024-02-08,2024-02-09,AAPL,Apple,Stock,Test,0.166921439354251,1.4727475425001821
2024-02-09,2024-02-12,AAPL,Apple,Stock,Test,0.8176780003480683,1.4663159913462362
2024-02-12,2024-02-13,AAPL,Apple,Stock,Test,1.2856209310059008,1.5054664238917754
2024-02-13,2024-02-14,AAPL,Apple,Stock,Test,0.2324482487355681,1.570098209170931
2024-02-14,2024-02-15,AAPL,Apple,Stock,Test,0.0248405272421493,1.50480848999572
2024-02-15,2024-02-16,AAPL,Apple,Stock,Test,0.7167374856717692,1.4915815356361901
2024-02-16,2024-02-20,AAPL,Apple,Stock,Test,0.1699387164048548,0.9895655092338418
2024-02-20,2024-02-21,AAPL,Apple,Stock,Test,0.1744960440114206,0.8396677754183346
2024-02-21,2024-02-22,AAPL,Apple,Stock,Test,1.2501792626803772,0.7540960809048997
2024-02-22,2024-02-23,AAPL,Apple,Stock,Test,1.0170234095257076,0.8071816454972789
2024-02-23,2024-02-26,AAPL,Apple,Stock,Test,0.5593649013673471,0.8334147747241424
2024-02-26,2024-02-27,AAPL,Apple,Stock,Test,0.6530862067909701,0.8419963047970294
2024-02-27,2024-02-28,AAPL,Apple,Stock,Test,0.4418719745126444,0.8822254454247002
2024-02-28,2024-02-29,AAPL,Apple,Stock,Test,0.1368969179593112,0.8902333451214028
2024-02-29,2024-03-01,AAPL,Apple,Stock,Test,0.3658671475597172,0.7428072477572525
2024-03-01,2024-03-04,AAPL,Apple,Stock,Test,6.609477015245993,0.5903091528365045
2024-03-04,2024-03-05,AAPL,Apple,Stock,Test,8.325070604150792,0.7508769227246587
2024-03-05,2024-03-06,AAPL,Apple,Stock,Test,0.3475722052979489,1.0682572097655822
2024-03-06,2024-03-07,AAPL,Apple,Stock,Test,0.005038897299823,0.9666297503390722
2024-03-07,2024-03-08,AAPL,Apple,Stock,Test,1.037277577208603,0.8823136055887764
2024-03-08,2024-03-11,AAPL,Apple,Stock,Test,1.3834684630253322,0.9831052344459781
2024-03-11,2024-03-12,AAPL,Apple,Stock,Test,0.0769959334553208,1.113930970054106
2024-03-12,2024-03-13,AAPL,Apple,Stock,Test,1.4875827795528158,1.104086843332968
2024-03-13,2024-03-14,AAPL,Apple,Stock,Test,1.1811599907349095,1.12437846465799
2024-03-14,2024-03-15,AAPL,Apple,Stock,Test,0.0483611032081846,1.2020428185409062
2024-03-15,2024-03-18,AAPL,Apple,Stock,Test,0.4034975134413827,1.201075723520876
2024-03-18,2024-03-19,AAPL,Apple,Stock,Test,1.8208034167892515,1.2429226553587254
2024-03-19,2024-03-20,AAPL,Apple,Stock,Test,2.132216697357004,1.345966784702402
2024-03-20,2024-03-21,AAPL,Apple,Stock,Test,17.40206862486203,1.4667353709455824
2024-03-21,2024-03-22,AAPL,Apple,Stock,Test,0.2805092692996488,2.2429012283351635
2024-03-22,2024-03-25,AAPL,Apple,Stock,Test,0.6947233013832981,2.176236108002351
2024-03-25,2024-03-26,AAPL,Apple,Stock,Test,0.4482220926776775,2.1656993617205105
2024-03-26,2024-03-27,AAPL,Apple,Stock,Test,4.406087677294423,2.1625947469990647
2024-03-27,2024-03-28,AAPL,Apple,Stock,Test,1.1268267448851874,2.3864123698102153
2024-03-28,2024-04-01,AAPL,Apple,Stock,Test,0.7210917400299965,2.4103882082104127
2024-04-01,2024-04-02,AAPL,Apple,Stock,Test,0.4932670052950528,2.4261938075414484
2024-04-02,2024-04-03,AAPL,Apple,Stock,Test,0.229040329147687,2.4297037055945294
2024-04-03,2024-04-04,AAPL,Apple,Stock,Test,0.240523160795352,2.178739055762508
2024-04-04,2024-04-05,AAPL,Apple,Stock,Test,0.2017465941285633,1.7969157026815847
2024-04-05,2024-04-08,AAPL,Apple,Stock,Test,0.4470015359754008,1.7908497813979096
2024-04-08,2024-04-09,AAPL,Apple,Stock,Test,0.5207690447482244,1.8128705802375091
2024-04-09,2024-04-10,AAPL,Apple,Stock,Test,1.2548333389370256,1.7863746314229805
2024-04-10,2024-04-11,AAPL,Apple,Stock,Test,17.94467950232663,1.7605765441824044
2024-04-11,2024-04-12,AAPL,Apple,Stock,Test,0.7378101672440713,2.671678141259007
2024-04-12,2024-04-15,AAPL,Apple,Stock,Test,4.886774236761054,2.6136136580562352
2024-04-15,2024-04-16,AAPL,Apple,Stock,Test,3.7455696997071177,2.821966059746521
2024-04-16,2024-04-17,AAPL,Apple,Stock,Test,0.6692082922761389,2.9983548690695407
2024-04-17,2024-04-18,AAPL,Apple,Stock,Test,0.328426526572238,2.993499296888224
2024-04-18,2024-04-19,AAPL,Apple,Stock,Test,1.5098694661583627,2.879430819317187
2024-04-19,2024-04-22,AAPL,Apple,Stock,Test,0.2578264473339156,2.7636105330621095
2024-04-22,2024-04-23,AAPL,Apple,Stock,Test,0.4059662386729169,2.031622694395417
2024-04-23,2024-04-24,AAPL,Apple,Stock,Test,1.5932272476290188,2.039547509141941
2024-04-24,2024-04-25,AAPL,Apple,Stock,Test,0.2635967383532038,2.105677147463531
2024-04-25,2024-04-26,AAPL,Apple,Stock,Test,0.1210307056860715,2.099180327396226
2024-04-26,2024-04-29,AAPL,Apple,Stock,Test,6.005107785464114,1.871906516074186
2024-04-29,2024-04-30,AAPL,Apple,Stock,Test,3.4002623227059994,2.1256028513657954
2024-04-30,2024-05-01,AAPL,Apple,Stock,Test,0.3679054754974915,2.262752819415926
2024-05-01,2024-05-02,AAPL,Apple,Stock,Test,4.749213233538081,2.2563824963245738
2024-05-02,2024-05-03,AAPL,Apple,Stock,Test,33.750906575229486,2.473301240095366
2024-05-03,2024-05-06,AAPL,Apple,Stock,Test,0.836935910607242,3.9951382146165635
2024-05-06,2024-05-07,AAPL,Apple,Stock,Test,0.143625704433806,4.076201509876279
2024-05-07,2024-05-08,AAPL,Apple,Stock,Test,0.0346943672052247,4.023956415366238
2024-05-08,2024-05-09,AAPL,Apple,Stock,Test,0.992853638976576,4.0192542154836985
2024-05-09,2024-05-10,AAPL,Apple,Stock,Test,0.4780296500642482,3.920692108382588
2024-05-10,2024-05-13,AAPL,Apple,Stock,Test,3.0595383722343645,3.213341257757816
2024-05-13,2024-05-14,AAPL,Apple,Stock,Test,0.3787942187280632,3.3079988918560432
2024-05-14,2024-05-15,AAPL,Apple,Stock,Test,1.4747060873682638,2.9895650396493236
2024-05-15,2024-05-16,AAPL,Apple,Stock,Test,0.0039991361076463,2.7275177446827468
2024-05-16,2024-05-17,AAPL,Apple,Stock,Test,0.0002495562459099,2.6442476171722236
2024-05-17,2024-05-20,AAPL,Apple,Stock,Test,0.3773883404152967,2.592360732494397
2024-05-20,2024-05-21,AAPL,Apple,Stock,Test,0.467002480623182,2.4140251463047138
2024-05-21,2024-05-22,AAPL,Apple,Stock,Test,0.5725683597678627,2.41204319669895
2024-05-22,2024-05-23,AAPL,Apple,Stock,Test,4.529635817973106,2.5150743180316284
2024-05-23,2024-05-24,AAPL,Apple,Stock,Test,2.7066558960574647,2.853633432048638
2024-05-24,2024-05-28,AAPL,Apple,Stock,Test,2.777593941213042e-05,2.9178696741797636
2024-05-28,2024-05-29,AAPL,Apple,Stock,Test,0.0248936614610863,2.8924982545052136
2024-05-29,2024-05-30,AAPL,Apple,Stock,Test,0.2747187571448632,2.7083335828360537
2024-05-30,2024-05-31,AAPL,Apple,Stock,Test,0.2506051262028044,2.4330105418174406
2024-05-31,2024-06-03,AAPL,Apple,Stock,Test,0.8493707018937049,2.3623273141831147
2024-06-03,2024-06-04,AAPL,Apple,Stock,Test,0.0271534865672378,2.2405136647140336
2024-06-04,2024-06-05,AAPL,Apple,Stock,Test,0.6069078319179743,0.7900067848440655
2024-06-05,2024-06-06,AAPL,Apple,Stock,Test,0.5071854710011491,0.7237163490480665
2024-06-06,2024-06-07,AAPL,Apple,Stock,Test,1.5168171260622574,0.7787536645342663
2024-06-07,2024-06-10,AAPL,Apple,Stock,Test,3.73785608213216,0.81766241173107
2024-06-10,2024-06-11,AAPL,Apple,Stock,Test,49.18414313711172,1.0404162213330206
2024-06-11,2024-06-12,AAPL,Apple,Stock,Test,7.93985439208958,3.1632806915540117
2024-06-12,2024-06-13,AAPL,Apple,Stock,Test,0.2998635387666521,3.341638963697111
2024-06-13,2024-06-14,AAPL,Apple,Stock,Test,0.6727077142639493,3.3420238294409237
2024-06-14,2024-06-17,AAPL,Apple,Stock,Test,3.7948596246630713,3.4215934721868875
2024-06-17,2024-06-18,AAPL,Apple,Stock,Test,1.2199708839905214,3.5009477080170313
2024-06-18,2024-06-20,AAPL,Apple,Stock,Test,4.729513439641339,3.629468863239949
2024-06-20,2024-06-21,AAPL,Apple,Stock,Test,1.102397800756144,3.98924455572113
2024-06-21,2024-06-24,AAPL,Apple,Stock,Test,0.0978249350527404,4.090704980866231
2024-06-24,2024-06-25,AAPL,Apple,Stock,Test,0.1987616428513232,4.025659533215431
2024-06-25,2024-06-26,AAPL,Apple,Stock,Test,3.918816899821964,3.687357805970953
2024-06-26,2024-06-27,AAPL,Apple,Stock,Test,0.1582535624157895,3.7298322632339853
2024-06-27,2024-06-28,AAPL,Apple,Stock,Test,2.6855977402698614,3.7157782659841097
2024-06-28,2024-07-01,AAPL,Apple,Stock,Test,8.230646560991426,3.943337174834464
2024-07-01,2024-07-02,AAPL,Apple,Stock,Test,2.595155869163933,4.214705454519172
2024-07-02,2024-07-03,AAPL,Apple,Stock,Test,0.3357392336812966,4.262930030189507
2024-07-03,2024-07-05,AAPL,Apple,Stock,Test,4.575338735666408,4.259139452270975
2024-07-05,2024-07-08,AAPL,Apple,Stock,Test,0.4247718566615755,4.352577424914281
2024-07-08,2024-07-09,AAPL,Apple,Stock,Test,0.141964511715785,4.352668870536846
2024-07-09,2024-07-10,AAPL,Apple,Stock,Test,3.4703618346903777,4.2532293112279955
2024-07-10,2024-07-11,AAPL,Apple,Stock,Test,5.5199928722959415,4.301259105849271
2024-07-11,2024-07-12,AAPL,Apple,Stock,Test,1.6813004401093037,4.423303614690802
2024-07-12,2024-07-15,AAPL,Apple,Stock,Test,2.7571666332245712,2.4171847852897743
2024-07-15,2024-07-16,AAPL,Apple,Stock,Test,0.032050191234452,2.2138184970857204
2024-07-16,2024-07-17,AAPL,Apple,Stock,Test,6.564633632292396,2.216849551027808
2024-07-17,2024-07-18,AAPL,Apple,Stock,Test,4.3050007385259565,2.580305538712659
2024-07-18,2024-07-19,AAPL,Apple,Stock,Test,0.0033606020036985,2.7096192858295014
2024-07-19,2024-07-22,AAPL,Apple,Stock,Test,0.0243846388628177,2.626708895533297
2024-07-22,2024-07-23,AAPL,Apple,Stock,Test,0.2187786562631326,2.3378234979158377
2024-07-23,2024-07-24,AAPL,Apple,Stock,Test,8.512295472997623,2.2405427554215995
2024-07-24,2024-07-25,AAPL,Apple,Stock,Test,0.2319567413117849,2.761114858524978
2024-07-25,2024-07-26,AAPL,Apple,Stock,Test,0.046602126897156,2.782260217612529
2024-07-26,2024-07-29,AAPL,Apple,Stock,Test,0.0164821482578182,2.614404124345719
2024-07-29,2024-07-30,AAPL,Apple,Stock,Test,0.0656754555598164,2.6099455968056686
2024-07-30,2024-07-31,AAPL,Apple,Stock,Test,2.214039761723905,2.4531159358519554
2024-07-31,2024-08-01,AAPL,Apple,Stock,Test,2.853624408648101,2.1728011548799953
2024-08-01,2024-08-02,AAPL,Apple,Stock,Test,0.4686468280523435,2.197970189554508
2024-08-02,2024-08-05,AAPL,Apple,Stock,Test,24.369506607367285,2.2050253046819472
2024-08-05,2024-08-06,AAPL,Apple,Stock,Test,0.9596435647402356,3.049734692799633
2024-08-06,2024-08-07,AAPL,Apple,Stock,Test,1.5427550298751862,3.0092276130414657
2024-08-07,2024-08-08,AAPL,Apple,Stock,Test,2.721364945343879,3.116516071866586
2024-08-08,2024-08-09,AAPL,Apple,Stock,Test,1.8611423043597088,3.0702180235013214
2024-08-09,2024-08-12,AAPL,Apple,Stock,Test,0.5047502672554045,3.010424459515375
2024-08-12,2024-08-13,AAPL,Apple,Stock,Test,2.905985986283216,2.936523475312581
2024-08-13,2024-08-14,AAPL,Apple,Stock,Test,0.0412716261595729,2.945158681501125
2024-08-14,2024-08-15,AAPL,Apple,Stock,Test,1.8063170842987817,2.9462674083925458
2024-08-15,2024-08-16,AAPL,Apple,Stock,Test,0.3482313773472236,2.776647017629069
2024-08-16,2024-08-19,AAPL,Apple,Stock,Test,0.0050146540555383,2.5837083396832274
2024-08-19,2024-08-20,AAPL,Apple,Stock,Test,0.0751302902056199,2.5843319282481336
2024-08-20,2024-08-21,AAPL,Apple,Stock,Test,0.0023600658627744,2.5847533454044003
2024-08-21,2024-08-22,AAPL,Apple,Stock,Test,0.687888615451818,2.576365715404374
2024-08-22,2024-08-23,AAPL,Apple,Stock,Test,1.0476561424853408,2.1674889690601766
2024-08-23,2024-08-26,AAPL,Apple,Stock,Test,0.0224312089604318,2.1826695360218142
2024-08-26,2024-08-27,AAPL,Apple,Stock,Test,0.1394708689807324,2.1828119937897337
2024-08-27,2024-08-28,AAPL,Apple,Stock,Test,0.4591858256337415,2.1838483186963407
2024-08-28,2024-08-29,AAPL,Apple,Stock,Test,2.0923452570272825,2.221476633427743
2024-08-29,2024-08-30,AAPL,Apple,Stock,Test,0.1185917139368464,2.216092808926118
2024-08-30,2024-09-03,AAPL,Apple,Stock,Test,7.607743784404918,2.052437284023311
2024-09-03,2024-09-04,AAPL,Apple,Stock,Test,0.7493033379620527,2.461066542231
2024-09-04,2024-09-05,AAPL,Apple,Stock,Test,0.4766539276651952,1.2128657405764338
2024-09-05,2024-09-06,AAPL,Apple,Stock,Test,0.4955888538418118,1.1383253672470675
2024-09-06,2024-09-09,AAPL,Apple,Stock,Test,0.0016602950379141,1.1434081931285878
2024-09-09,2024-09-10,AAPL,Apple,Stock,Test,0.1316163751761908,1.0412944591162192
2024-09-10,2024-09-11,AAPL,Apple,Stock,Test,1.32677254545513,0.9774590592164609
2024-09-11,2024-09-12,AAPL,Apple,Stock,Test,0.0024393123721892,1.0141246777779809
2024-09-12,2024-09-13,AAPL,Apple,Stock,Test,0.0147093592236925,0.880796817773987
2024-09-13,2024-09-16,AAPL,Apple,Stock,Test,7.934552704847106,0.8802618889322051
2024-09-16,2024-09-17,AAPL,Apple,Stock,Test,0.0471029876151269,1.15241179937366
2024-09-17,2024-09-18,AAPL,Apple,Stock,Test,3.1790370382732775,1.1302559069743936
2024-09-18,2024-09-19,AAPL,Apple,Stock,Test,13.246062687460944,1.3176981114910664
2024-09-19,2024-09-20,AAPL,Apple,Stock,Test,0.0859463968851034,1.986600710095307
2024-09-20,2024-09-23,AAPL,Apple,Stock,Test,0.5791061323511055,1.9918447981873304
2024-09-23,2024-09-24,AAPL,Apple,Stock,Test,0.1572984157223693,1.9861365955624677
2024-09-24,2024-09-25,AAPL,Apple,Stock,Test,0.1942926184764164,1.943251277964085
2024-09-25,2024-09-26,AAPL,Apple,Stock,Test,0.2567827911477834,1.9516702588810166
2024-09-26,2024-09-27,AAPL,Apple,Stock,Test,0.0140662005526899,1.9577202530108415
2024-09-27,2024-09-30,AAPL,Apple,Stock,Test,5.1140658086742485,1.9348037312709756
2024-09-30,2024-10-01,AAPL,Apple,Stock,Test,8.746622503820241,2.082087513141969
2024-10-01,2024-10-02,AAPL,Apple,Stock,Test,0.0633312821248085,2.5144934281103715
2024-10-02,2024-10-03,AAPL,Apple,Stock,Test,0.2407402246466336,2.1332725014273426
2024-10-03,2024-10-04,AAPL,Apple,Stock,Test,0.2494729062914089,2.1043240477454983
2024-10-04,2024-10-07,AAPL,Apple,Stock,Test,5.193161216788372,2.0948411381268546
2024-10-07,2024-10-08,AAPL,Apple,Stock,Test,3.3257813880045584,2.3385738618938126
2024-10-08,2024-10-09,AAPL,Apple,Stock,Test,2.7425304845373337,2.4938728885418397
2024-10-09,2024-10-10,AAPL,Apple,Stock,Test,0.0475516656512123,2.593794012115786
2024-10-10,2024-10-11,AAPL,Apple,Stock,Test,0.4259775289256519,2.552730352677289
2024-10-11,2024-10-14,AAPL,Apple,Stock,Test,2.671794976839377,2.5821783029688157
2024-10-14,2024-10-15,AAPL,Apple,Stock,Test,1.2021556384958745,2.6899413297070307
2024-10-15,2024-10-16,AAPL,Apple,Stock,Test,0.7905515692379005,2.244579715506662
2024-10-16,2024-10-17,AAPL,Apple,Stock,Test,0.0254420985748893,2.3198832919428765
2024-10-17,2024-10-18,AAPL,Apple,Stock,Test,1.4888531635293454,2.207616219641896
2024-10-18,2024-10-21,AAPL,Apple,Stock,Test,0.3941349229014861,1.6641424334630375
2024-10-21,2024-10-22,AAPL,Apple,Stock,Test,0.0689174601205557,1.6659407159542063
2024-10-22,2024-10-23,AAPL,Apple,Stock,Test,4.778658613397952,1.6313796929383126
2024-10-23,2024-10-24,AAPL,Apple,Stock,Test,0.0067832112959287,1.896529322278735
2024-10-24,2024-10-25,AAPL,Apple,Stock,Test,0.1322404429462609,1.8843219964125595
2024-10-25,2024-10-28,AAPL,Apple,Stock,Test,0.7331884311917726,1.8792987571937563
2024-10-28,2024-10-29,AAPL,Apple,Stock,Test,0.0133683156650723,1.90800425222479
2024-10-29,2024-10-30,AAPL,Apple,Stock,Test,2.3703348559299218,1.6668665825533893
2024-10-30,2024-10-31,AAPL,Apple,Stock,Test,3.377282719821403,1.3413268022254874
2024-10-31,2024-11-01,AAPL,Apple,Stock,Test,1.7871548535647548,1.5135943341039764
2024-11-01,2024-11-04,AAPL,Apple,Stock,Test,0.1636800430821449,1.5876614022898223
2024-11-04,2024-11-05,AAPL,Apple,Stock,Test,0.4179949174249151,1.5761282679526776
2024-11-05,2024-11-06,AAPL,Apple,Stock,Test,0.1070820680462498,1.346730014410713
2024-11-06,2024-11-07,AAPL,Apple,Stock,Test,4.471890755801743,1.182879206035731
2024-11-07,2024-11-08,AAPL,Apple,Stock,Test,0.0141335575986889,1.2718168618305437
2024-11-08,2024-11-11,AAPL,Apple,Stock,Test,1.464453839120357,1.270548301780671
2024-11-11,2024-11-12,AAPL,Apple,Stock,Test,0.0,1.3196022536662455
2024-11-12,2024-11-13,AAPL,Apple,Stock,Test,0.1569132140898864,1.1690668402997
2024-11-13,2024-11-14,AAPL,Apple,Stock,Test,1.8704826384713005,1.105651434571953
2024-11-14,2024-11-15,AAPL,Apple,Stock,Test,2.0191377597950297,1.1872268118874678
2024-11-15,2024-11-18,AAPL,Apple,Stock,Test,1.7776593970320436,1.2701426174646664
2024-11-18,2024-11-19,AAPL,Apple,Stock,Test,0.012985995282037,1.2861781205339846
2024-11-19,2024-11-20,AAPL,Apple,Stock,Test,0.0991700634824433,1.2593831869743488
2024-11-20,2024-11-21,AAPL,Apple,Stock,Test,0.0440283723591337,1.269503397099623
2024-11-21,2024-11-22,AAPL,Apple,Stock,Test,0.3469350647334818,1.05021479000253
2024-11-22,2024-11-25,AAPL,Apple,Stock,Test,1.6812738340512314,1.068916152356533
2024-11-25,2024-11-26,AAPL,Apple,Stock,Test,0.8761938517954151,1.1451576733406292
2024-11-26,2024-11-27,AAPL,Apple,Stock,Test,0.0030608467949906,1.1520120550666721
2024-11-27,2024-11-29,AAPL,Apple,Stock,Test,1.0330756645144217,1.152093523414102
2024-11-29,2024-12-02,AAPL,Apple,Stock,Test,0.8982366767370754,1.061791909639666
2024-12-02,2024-12-03,AAPL,Apple,Stock,Test,1.6106122251109851,0.8768710389313059
2024-12-03,2024-12-04,AAPL,Apple,Stock,Test,0.0219767857685618,0.7775534053886703
2024-12-04,2024-12-05,AAPL,Apple,Stock,Test,0.000152397727404,0.747114092252396
2024-12-05,2024-12-06,AAPL,Apple,Stock,Test,0.0067765843294489,0.752890391423709
2024-12-06,2024-12-09,AAPL,Apple,Stock,Test,2.551319912017753,0.7378030364354946
2024-12-09,2024-12-10,AAPL,Apple,Stock,Test,0.1701788235296503,0.6627168564747815
2024-12-10,2024-12-11,AAPL,Apple,Stock,Test,0.2682711736189834,0.6489918502885091
2024-12-11,2024-12-12,AAPL,Apple,Stock,Test,0.3535451728071423,0.5591254926137798
2024-12-12,2024-12-13,AAPL,Apple,Stock,Test,0.0046973035563662,0.5491619057607285
2024-12-13,2024-12-16,AAPL,Apple,Stock,Test,1.3594542168235464,0.5569877599868611
2024-12-16,2024-12-17,AAPL,Apple,Stock,Test,0.935578171369784,0.540686734135589
2024-12-17,2024-12-18,AAPL,Apple,Stock,Test,4.68914149574177,0.36454672409325056
2024-12-18,2024-12-19,AAPL,Apple,Stock,Test,0.4886147365803301,0.6795439718811566
2024-12-19,2024-12-20,AAPL,Apple,Stock,Test,3.4748379697001126,0.6790533823559587
2024-12-20,2024-12-23,AAPL,Apple,Stock,Test,0.0936567634653094,0.7756940848704519
2024-12-23,2024-12-24,AAPL,Apple,Stock,Test,1.3024764360523444,0.751616225976113
2024-12-24,2024-12-26,AAPL,Apple,Stock,Test,0.1005309541897471,0.7695562594472324
2024-12-26,2024-12-27,AAPL,Apple,Stock,Test,1.777024080054879,0.7424470720224119
2024-12-27,2024-12-30,AAPL,Apple,Stock,Test,1.7827994817011306,0.8902241482750783
2024-12-30,2024-12-31,AAPL,Apple,Stock,Test,0.5016802119501904,1.0263441466405678
2024-12-31,2025-01-02,AAPL,Apple,Stock,Test,7.06826227675727,1.0509497386500928
2025-01-02,2025-01-03,AAPL,Apple,Stock,Test,0.0404612950847309,1.4206838596508544
2025-01-03,2025-01-06,AAPL,Apple,Stock,Test,0.4511006006610683,1.3493685704503107
2025-01-06,2025-01-07,AAPL,Apple,Stock,Test,1.311717460528904,1.3694443350426018
2025-01-07,2025-01-08,AAPL,Apple,Stock,Test,0.0408409068807225,1.4363276305097565
2025-01-08,2025-01-10,AAPL,Apple,Stock,Test,5.953108596171004,1.4383015522808578
2025-01-10,2025-01-13,AAPL,Apple,Stock,Test,1.0811727965876043,1.5684754066423858
2025-01-13,2025-01-14,AAPL,Apple,Stock,Test,0.2294130274004726,1.5806838048485337
2025-01-14,2025-01-15,AAPL,Apple,Stock,Test,3.796622395329802,1.579766895220704
2025-01-15,2025-01-16,AAPL,Apple,Stock,Test,17.006507008171788,1.7830684474921585
2025-01-16,2025-01-17,AAPL,Apple,Stock,Test,0.5635452761950314,2.5083737485516218
2025-01-17,2025-01-21,AAPL,Apple,Stock,Test,10.521112383317949,2.451662656055495
2025-01-21,2025-01-22,AAPL,Apple,Stock,Test,0.2841585301839853,2.713027604457941
2025-01-22,2025-01-23,AAPL,Apple,Stock,Test,0.0057709304374812,2.6421424527592934
2025-01-23,2025-01-24,AAPL,Apple,Stock,Test,0.1554221186689688,2.578654123712894
2025-01-24,2025-01-27,AAPL,Apple,Stock,Test,9.787989714285292,2.2817163362536563
2025-01-27,2025-01-28,AAPL,Apple,Stock,Test,12.882362659298916,2.9263287062813443
2025-01-28,2025-01-29,AAPL,Apple,Stock,Test,0.2121736392528852,3.613279055596734
2025-01-29,2025-01-30,AAPL,Apple,Stock,Test,0.550890048319388,3.6243063818165195
2025-01-30,2025-01-31,AAPL,Apple,Stock,Test,0.4508843319890518,3.584377125595561
2025-01-31,2025-02-03,AAPL,Apple,Stock,Test,11.862687138976847,3.5398140381351753
2025-02-03,2025-02-04,AAPL,Apple,Stock,Test,4.322315351765797,4.003546793085377
2025-02-04,2025-02-05,AAPL,Apple,Stock,Test,0.0201184443022277,4.024310148791261
2025-02-05,2025-02-06,AAPL,Apple,Stock,Test,0.103742350854471,4.024594363474423
2025-02-06,2025-02-07,AAPL,Apple,Stock,Test,5.885827232789161,3.9993152680137625
2025-02-07,2025-02-10,AAPL,Apple,Stock,Test,0.0140841246827807,4.194062143274111
2025-02-10,2025-02-11,AAPL,Apple,Stock,Test,4.6642498709853895,4.190241690605488
2025-02-11,2025-02-12,AAPL,Apple,Stock,Test,3.277992277743195,4.213234527408929
2025-02-12,2025-02-13,AAPL,Apple,Stock,Test,3.7955744496282993,4.326700015789124
2025-02-13,2025-02-14,AAPL,Apple,Stock,Test,1.595310710603189,4.477595633170079
2025-02-14,2025-02-18,AAPL,Apple,Stock,Test,0.0028264801030639,4.3781138208219135
2025-02-18,2025-02-19,AAPL,Apple,Stock,Test,0.0267292739172845,3.4322629517933336
2025-02-19,2025-02-20,AAPL,Apple,Stock,Test,0.1530940139105263,3.4240925056901887
2025-02-20,2025-02-21,AAPL,Apple,Stock,Test,0.012986681535921,2.763742724002504
2025-02-21,2025-02-24,AAPL,Apple,Stock,Test,0.3959595288080631,2.78005443482867
2025-02-24,2025-02-25,AAPL,Apple,Stock,Test,0.0005903094916749,2.76690921476811
2025-02-25,2025-02-26,AAPL,Apple,Stock,Test,7.514390852848615,2.7410908396571
2025-02-26,2025-02-27,AAPL,Apple,Stock,Test,1.641632681774291,2.837369368542954
2025-02-27,2025-02-28,AAPL,Apple,Stock,Test,3.5914610860247165,2.3249974094485273
2025-02-28,2025-03-03,AAPL,Apple,Stock,Test,2.5216125847192767,2.4910695524373963
2025-03-03,2025-03-04,AAPL,Apple,Stock,Test,0.7852932774919578,2.592496412887418
2025-03-04,2025-03-05,AAPL,Apple,Stock,Test,0.0064899336940474,2.609408613564902
2025-03-05,2025-03-06,AAPL,Apple,Stock,Test,0.0303021409814259,1.9883751366635931
2025-03-06,2025-03-07,AAPL,Apple,Stock,Test,2.4862110518156206,1.7986372503789982
2025-03-07,2025-03-10,AAPL,Apple,Stock,Test,24.69508045839434,1.9051641413769136
2025-03-10,2025-03-11,AAPL,Apple,Stock,Test,8.775699661814809,3.141374477499085
2025-03-11,2025-03-12,AAPL,Apple,Stock,Test,3.109335348446694,3.2790997499663077
2025-03-12,2025-03-13,AAPL,Apple,Stock,Test,11.711871103111491,3.3992744967902246
2025-03-13,2025-03-14,AAPL,Apple,Stock,Test,3.242709148853578,3.549871051843097
2025-03-14,2025-03-17,AAPL,Apple,Stock,Test,0.0569308635371787,3.547623627692534
2025-03-17,2025-03-18,AAPL,Apple,Stock,Test,0.3770397372911703,3.269129452978506
2025-03-18,2025-03-19,AAPL,Apple,Stock,Test,1.4203786973094932,3.09165475193878
2025-03-19,2025-03-20,AAPL,Apple,Stock,Test,0.2820181037162046,3.24171406161256
2025-03-20,2025-03-21,AAPL,Apple,Stock,Test,3.7208863992329775,3.2112144603505293
2025-03-21,2025-03-24,AAPL,Apple,Stock,Test,1.2560752714617154,3.4823016537397002
2025-03-24,2025-03-25,AAPL,Apple,Stock,Test,1.846608532526392,3.6107386111305706
2025-03-25,2025-03-26,AAPL,Apple,Stock,Test,0.994254800447822,3.719027960353954
2025-03-26,2025-03-27,AAPL,Apple,Stock,Test,1.0853949846054372,3.7204737746366505
2025-03-27,2025-03-28,AAPL,Apple,Stock,Test,7.257625539392024,3.5612936643770055
2025-03-28,2025-03-31,AAPL,Apple,Stock,Test,3.696614125878395,3.7894687389676003
2025-03-31,2025-04-01,AAPL,Apple,Stock,Test,0.2266328021144477,3.7958432109233504
2025-04-01,2025-04-02,AAPL,Apple,Stock,Test,0.0980597754150007,3.7545078029979684
2025-04-02,2025-04-03,AAPL,Apple,Stock,Test,94.11603929030017,3.7534851563358673
2025-04-03,2025-04-04,AAPL,Apple,Stock,Test,57.27511033819966,7.998612417869863
2025-04-04,2025-04-07,AAPL,Apple,Stock,Test,14.006975737686506,10.207516532830248
2025-04-07,2025-04-08,AAPL,Apple,Stock,Test,26.1140487335887,10.152515407781692
2025-04-08,2025-04-09,AAPL,Apple,Stock,Test,203.39709297577156,10.204933315384782
2025-04-09,2025-04-10,AAPL,Apple,Stock,Test,18.765014256154032,21.502645914003484
2025-04-10,2025-04-11,AAPL,Apple,Stock,Test,15.834199861007136,22.14143267277073
2025-04-11,2025-04-14,AAPL,Apple,Stock,Test,4.758696638603294,22.677322731170396
2025-04-14,2025-04-15,AAPL,Apple,Stock,Test,0.0352749557196564,22.763030013989855
2025-04-15,2025-04-16,AAPL,Apple,Stock,Test,15.77019998668596,22.75080279321043
2025-04-16,2025-04-17,AAPL,Apple,Stock,Test,1.9191523854810335,23.40247955219484
2025-04-17,2025-04-21,AAPL,Apple,Stock,Test,3.835068532306383,23.43567764072971
2025-04-21,2025-04-22,AAPL,Apple,Stock,Test,11.220894420640692,23.548227267570745
2025-04-22,2025-04-23,AAPL,Apple,Stock,Test,5.779416421416503,23.988056956229627
2025-04-23,2025-04-24,AAPL,Apple,Stock,Test,3.3337158972475485,24.26451680490161
2025-04-24,2025-04-25,AAPL,Apple,Stock,Test,0.1898834908402589,24.355226122348153
2025-04-25,2025-04-28,AAPL,Apple,Stock,Test,0.1681899075034726,24.358710025016233
2025-04-28,2025-04-29,AAPL,Apple,Stock,Test,0.2579410410510253,24.294787690512624
2025-04-29,2025-04-30,AAPL,Apple,Stock,Test,0.3707822272353951,24.01675852833528
2025-04-30,2025-05-01,AAPL,Apple,Stock,Test,0.1483326006824052,23.826849569446427
2025-05-01,2025-05-02,AAPL,Apple,Stock,Test,14.499000612827151,23.82099599741387
2025-05-02,2025-05-05,AAPL,Apple,Stock,Test,10.21695521168025,24.41185372579794
2025-05-05,2025-05-06,AAPL,Apple,Stock,Test,0.0365755969224752,20.38390410968075
2025-05-06,2025-05-07,AAPL,Apple,Stock,Test,1.3110359799492206,17.467549575661476
2025-05-07,2025-05-08,AAPL,Apple,Stock,Test,0.3967242041300726,16.75189821161
2025-05-08,2025-05-09,AAPL,Apple,Stock,Test,0.2758572523499212,15.173414125914315
2025-05-09,2025-05-12,AAPL,Apple,Stock,Test,37.49434639724283,5.456083817099441
2025-05-12,2025-05-13,AAPL,Apple,Stock,Test,1.0203146077392922,6.140307682465989
2025-05-13,2025-05-14,AAPL,Apple,Stock,Test,0.0796239354815052,5.524167971384563
2025-05-14,2025-05-15,AAPL,Apple,Stock,Test,0.1724810316658157,5.361696240926846
2025-05-15,2025-05-16,AAPL,Apple,Stock,Test,0.0080800808940976,5.373699586923552
2025-05-16,2025-05-19,AAPL,Apple,Stock,Test,1.3944231909187506,4.464082045576491
2025-05-19,2025-05-20,AAPL,Apple,Stock,Test,0.8535748320637474,4.526220693907907
2025-05-20,2025-05-21,AAPL,Apple,Stock,Test,5.442462084869901,4.345294289659124
2025-05-21,2025-05-22,AAPL,Apple,Stock,Test,0.1309446015427718,4.168457648289009
2025-05-22,2025-05-23,AAPL,Apple,Stock,Test,9.431757024973198,3.884950796628071
2025-05-23,2025-05-27,AAPL,Apple,Stock,Test,6.241814427823198,4.098590252132004
2025-05-27,2025-05-28,AAPL,Apple,Stock,Test,0.0109881649367011,4.4535461377169
2025-05-28,2025-05-29,AAPL,Apple,Stock,Test,0.0551202633975812,4.43921371704465
2025-05-29,2025-05-30,AAPL,Apple,Stock,Test,0.201688256067075,4.411474671162845
2025-05-30,2025-06-02,AAPL,Apple,Stock,Test,0.1783401318785813,4.398889412063996
2025-06-02,2025-06-03,AAPL,Apple,Stock,Test,0.6012146945663395,4.401361128977237
2025-06-03,2025-06-04,AAPL,Apple,Stock,Test,0.0491201793144179,3.77584275905228
2025-06-04,2025-06-05,AAPL,Apple,Stock,Test,1.1786210108624326,3.2589465138888505
2025-06-05,2025-06-06,AAPL,Apple,Stock,Test,2.6456049551249095,3.3230359300900836
2025-06-06,2025-06-09,AAPL,Apple,Stock,Test,1.4851134460030917,3.355725687808809
2025-06-09,2025-06-10,AAPL,Apple,Stock,Test,0.3645505173811693,3.4369101350151494
2025-06-10,2025-06-11,AAPL,Apple,Stock,Test,3.756016153444427,3.4405383878066864
2025-06-11,2025-06-12,AAPL,Apple,Stock,Test,0.044552978715362,1.6831538047046024
2025-06-12,2025-06-13,AAPL,Apple,Stock,Test,1.9324856488110724,1.6105246027677338
2025-06-13,2025-06-16,AAPL,Apple,Stock,Test,0.9956157201428224,1.6650781648632162
2025-06-16,2025-06-17,AAPL,Apple,Stock,Test,1.9908582920867248,1.753788249806656
2025-06-17,2025-06-18,AAPL,Apple,Stock,Test,0.229754722924398,1.8087600569518725
2025-06-18,2025-06-20,AAPL,Apple,Stock,Test,4.9441160937332755,1.8046901252699208
2025-06-20,2025-06-23,AAPL,Apple,Stock,Test,0.0617283815029058,2.07587433263639
2025-06-23,2025-06-24,AAPL,Apple,Stock,Test,0.3567844011367931,1.8262967637321932
2025-06-24,2025-06-25,AAPL,Apple,Stock,Test,0.3932352044948087,1.8371289588435544
2025-06-25,2025-06-26,AAPL,Apple,Stock,Test,0.0774076668626602,1.3619344469838364
2025-06-26,2025-06-27,AAPL,Apple,Stock,Test,0.0015830869334559,1.0772766128162756
2025-06-27,2025-06-30,AAPL,Apple,Stock,Test,4.054641779745214,1.076918246393577
2025-06-30,2025-07-01,AAPL,Apple,Stock,Test,1.6469644206765837,1.2613380512967451
2025-07-01,2025-07-02,AAPL,Apple,Stock,Test,4.834402208971459,1.3217068313517681
2025-07-02,2025-07-03,AAPL,Apple,Stock,Test,0.2715865684232607,1.5181388448252648
2025-07-03,2025-07-07,AAPL,Apple,Stock,Test,2.890520433838149,1.5077842764773866
2025-07-07,2025-07-08,AAPL,Apple,Stock,Test,0.0008159617853496,1.6793847403393893
2025-07-08,2025-07-09,AAPL,Apple,Stock,Test,0.2879727864669199,1.599206945330025
2025-07-09,2025-07-10,AAPL,Apple,Stock,Test,0.3596478415093398,1.5022115486129897
2025-07-10,2025-07-11,AAPL,Apple,Stock,Test,0.3483803553546904,1.4079385093046695
2025-07-11,2025-07-14,AAPL,Apple,Stock,Test,1.4645034923980105,1.4338573238568226
2025-07-14,2025-07-15,AAPL,Apple,Stock,Test,0.0550371853617932,1.3037964548445633
2025-07-15,2025-07-16,AAPL,Apple,Stock,Test,0.2508736648986209,1.3037781114495437
2025-07-16,2025-07-17,AAPL,Apple,Stock,Test,0.0044407254770394,1.1674640387499697
2025-07-17,2025-07-18,AAPL,Apple,Stock,Test,0.3033892520455579,1.1494021844330051
2025-07-18,2025-07-21,AAPL,Apple,Stock,Test,0.3766206248332386,1.0027881052896983
2025-07-21,2025-07-22,AAPL,Apple,Stock,Test,0.8092028767903849,1.0051978036257585
2025-07-22,2025-07-23,AAPL,Apple,Stock,Test,0.0136121500830309,0.8433151268579202
2025-07-23,2025-07-24,AAPL,Apple,Stock,Test,0.0332262260278071,0.8518130856172823
2025-07-24,2025-07-25,AAPL,Apple,Stock,Test,0.0031508880889123,0.8231915919530814
2025-07-25,2025-07-28,AAPL,Apple,Stock,Test,0.0063109144216662,0.8205937610419571
2025-07-28,2025-07-29,AAPL,Apple,Stock,Test,1.7089582643840573,0.8066298239542105
2025-07-29,2025-07-30,AAPL,Apple,Stock,Test,1.1158687740710236,0.928028836745647
2025-07-30,2025-07-31,AAPL,Apple,Stock,Test,0.5047670614264212,0.830917572138639
2025-07-31,2025-08-01,AAPL,Apple,Stock,Test,6.411833215905302,0.7821299210996784
2025-08-01,2025-08-04,AAPL,Apple,Stock,Test,0.2286348288456019,0.8050012028881465
2025-08-04,2025-08-05,AAPL,Apple,Stock,Test,0.0448094517751848,0.8018562838748293
2025-08-05,2025-08-06,AAPL,Apple,Stock,Test,24.6544520250528,0.6889857057709773
2025-08-06,2025-08-07,AAPL,Apple,Stock,Test,9.79610051363354,1.9437037603673413
2025-08-07,2025-08-08,AAPL,Apple,Stock,Test,17.21044783326766,2.384192497009388
2025-08-08,2025-08-11,AAPL,Apple,Stock,Test,0.7009843852454078,3.1270495460051917
2025-08-11,2025-08-12,AAPL,Apple,Stock,Test,1.1693710355761338,3.1535598697192935
2025-08-12,2025-08-13,AAPL,Apple,Stock,Test,2.527281284230455,3.0452664139844146
2025-08-13,2025-08-14,AAPL,Apple,Stock,Test,0.0556936298863998,3.1017978667856463
2025-08-14,2025-08-15,AAPL,Apple,Stock,Test,0.262681559752883,3.1295992078815416
2025-08-15,2025-08-18,AAPL,Apple,Stock,Test,0.0916355423896237,3.1639837277881546
2025-08-18,2025-08-19,AAPL,Apple,Stock,Test,0.0204563066691194,3.191858330821493
2025-08-19,2025-08-20,AAPL,Apple,Stock,Test,3.9728182054195567,3.205249030579129
2025-08-20,2025-08-21,AAPL,Apple,Stock,Test,0.2423958697805834,3.4575597053265703
2025-08-21,2025-08-22,AAPL,Apple,Stock,Test,1.596830274025593,3.4782996293431454
2025-08-22,2025-08-25,AAPL,Apple,Stock,Test,0.0695746734727255,3.516996665492164
2025-08-25,2025-08-26,AAPL,Apple,Stock,Test,0.8873630844926885,3.5299108782741526
2025-08-26,2025-08-27,AAPL,Apple,Stock,Test,0.2634583883866693,3.546983237828195
2025-08-27,2025-08-28,AAPL,Apple,Stock,Test,0.7993605195783071,3.406132195789803
2025-08-28,2025-08-29,AAPL,Apple,Stock,Test,0.032677662237294,3.29932727101063
2025-08-29,2025-09-02,AAPL,Apple,Stock,Test,1.0981715676900392,3.247886413445707
2025-09-02,2025-09-03,AAPL,Apple,Stock,Test,13.9744166439044,2.897088649910209
2025-09-03,2025-09-04,AAPL,Apple,Stock,Test,0.3001185473204835,3.360598565409063
2025-09-04,2025-09-05,AAPL,Apple,Stock,Test,0.0014100648557312,3.3139604376216427
2025-09-05,2025-09-08,AAPL,Apple,Stock,Test,0.5745699666146742,2.4220515185629043
2025-09-08,2025-09-09,AAPL,Apple,Stock,Test,2.2351979468894987,2.1434758075412716
2025-09-09,2025-09-10,AAPL,Apple,Stock,Test,10.752670548359267,1.5315538200180412
2025-09-10,2025-09-11,AAPL,Apple,Stock,Test,2.0122308207362365,2.0463373826905666
2025-09-11,2025-09-12,AAPL,Apple,Stock,Test,3.0312253261310547,2.088485562072618
2025-09-12,2025-09-15,AAPL,Apple,Stock,Test,1.2484362101382829,2.1135091341875665
2025-09-15,2025-09-16,AAPL,Apple,Stock,Test,0.3729765749413997,2.1667449556201
2025-09-16,2025-09-17,AAPL,Apple,Stock,Test,0.1239793665267144,2.1603234048634077
2025-09-17,2025-09-18,AAPL,Apple,Stock,Test,0.2167348262929408,2.152209876595511
2025-09-18,2025-09-19,AAPL,Apple,Stock,Test,9.941813452956788,2.1670717012854808
2025-09-19,2025-09-22,AAPL,Apple,Stock,Test,17.80234753643172,2.3258705822100825
2025-09-22,2025-09-23,AAPL,Apple,Stock,Test,0.4178409341849298,2.9654246976234204
2025-09-23,2025-09-24,AAPL,Apple,Stock,Test,0.7001002854819847,3.0158796780698927
2025-09-24,2025-09-25,AAPL,Apple,Stock,Test,3.2082370367121715,3.0768360825987235
2025-09-25,2025-09-26,AAPL,Apple,Stock,Test,0.3029664443278836,3.1487036413126077
2025-09-26,2025-09-29,AAPL,Apple,Stock,Test,0.1632252038018132,3.205473477607177
2025-09-29,2025-09-30,AAPL,Apple,Stock,Test,0.0061752027680206,3.2332349576939508
2025-09-30,2025-10-01,AAPL,Apple,Stock,Test,0.1033712758819693,3.2206497256671165
2025-10-01,2025-10-02,AAPL,Apple,Stock,Test,0.429690992999613,3.1061423484359856
2025-10-02,2025-10-03,AAPL,Apple,Stock,Test,0.1193817836856168,2.5621267232207083
2025-10-03,2025-10-06,AAPL,Apple,Stock,Test,0.2670663770346099,2.5602505165942615
2025-10-06,2025-10-07,AAPL,Apple,Stock,Test,0.0066956357157242,2.5897174931004203
2025-10-07,2025-10-08,AAPL,Apple,Stock,Test,0.3771508610549762,2.538171595598441
2025-10-08,2025-10-09,AAPL,Apple,Stock,Test,2.465017872008775,2.3590634526221135
2025-10-09,2025-10-10,AAPL,Apple,Stock,Test,12.342620354757686,1.8592900219432906
2025-10-10,2025-10-13,AAPL,Apple,Stock,Test,0.940360650797121,2.5843716245292323
2025-10-13,2025-10-14,AAPL,Apple,Stock,Test,0.0019716461720499,2.501973803835978
2025-10-14,2025-10-15,AAPL,Apple,Stock,Test,0.3989868189450456,2.4657442657699615
2025-10-15,2025-10-16,AAPL,Apple,Stock,Test,0.5789497278584086,2.4665880548718744
2025-10-16,2025-10-17,AAPL,Apple,Stock,Test,3.7522353145675624,2.5107228881803456
2025-10-17,2025-10-20,AAPL,Apple,Stock,Test,14.962058213086127,2.6339540586925865
2025-10-20,2025-10-21,AAPL,Apple,Stock,Test,0.0407634350690546,2.8637241310089054
2025-10-21,2025-10-22,AAPL,Apple,Stock,Test,2.7478972673344244,2.063407902885182
2025-10-22,2025-10-23,AAPL,Apple,Stock,Test,0.1903247123284993,2.1898948244727308
2025-10-23,2025-10-24,AAPL,Apple,Stock,Test,1.538715335354598,2.1510449056929826
2025-10-24,2025-10-27,AAPL,Apple,Stock,Test,5.078456364916099,2.0742960432030944
2025-10-27,2025-10-28,AAPL,Apple,Stock,Test,0.0049907821585015,2.263775255794207
2025-10-28,2025-10-29,AAPL,Apple,Stock,Test,0.0675450913563537,2.243813516924367
2025-10-29,2025-10-30,AAPL,Apple,Stock,Test,0.3948318282491492,2.2419959036135513
2025-10-30,2025-10-31,AAPL,Apple,Stock,Test,0.1445806342087789,2.247943314634607
2025-10-31,2025-11-03,AAPL,Apple,Stock,Test,0.2395323531438357,2.261006023392235
2025-11-03,2025-11-04,AAPL,Apple,Stock,Test,0.1349079712664002,2.285316550293757
2025-11-04,2025-11-05,AAPL,Apple,Stock,Test,0.0013710460732917,2.259224837893254
2025-11-05,2025-11-06,AAPL,Apple,Stock,Test,0.0187899615007018,2.25605542441948
2025-11-06,2025-11-07,AAPL,Apple,Stock,Test,0.2333480901516545,2.255355527369356
2025-11-07,2025-11-10,AAPL,Apple,Stock,Test,0.2059626692154124,2.1179886978251425
2025-11-10,2025-11-11,AAPL,Apple,Stock,Test,4.567310101960139,1.3693199087917223
2025-11-11,2025-11-12,AAPL,Apple,Stock,Test,0.4209115965576541,1.4946570928131249
2025-11-12,2025-11-13,AAPL,Apple,Stock,Test,0.0362249941900884,1.5496444902920123
2025-11-13,2025-11-14,AAPL,Apple,Stock,Test,0.0392190098251893,1.568906647671205
2025-11-14,2025-11-17,AAPL,Apple,Stock,Test,3.362906010695754,1.5166577006667825
2025-11-17,2025-11-18,AAPL,Apple,Stock,Test,5.6164072623133194e-05,1.6376375841177566
2025-11-18,2025-11-19,AAPL,Apple,Stock,Test,0.1746636387639978,0.9633245393616457
2025-11-19,2025-11-20,AAPL,Apple,Stock,Test,0.7462680355598357,0.9677888895243753
2025-11-20,2025-11-21,AAPL,Apple,Stock,Test,3.7983872608477545,0.8576020987802142
2025-11-21,2025-11-24,AAPL,Apple,Stock,Test,2.6198223356538963,1.010441407585866
2025-11-24,2025-11-25,AAPL,Apple,Stock,Test,0.1442569627268585,1.0559040660069736
2025-11-25,2025-11-26,AAPL,Apple,Stock,Test,0.0437611598927959,0.8451000736919427
2025-11-26,2025-11-28,AAPL,Apple,Stock,Test,0.2183629026472217,0.8449560451634801
2025-11-28,2025-12-01,AAPL,Apple,Stock,Test,2.2879845943141492,0.8492086060012353
2025-12-01,2025-12-02,AAPL,Apple,Stock,Test,1.1784869037500063,0.9275480129805269
2025-12-02,2025-12-03,AAPL,Apple,Stock,Test,0.5117442500681708,0.9439908458170523
2025-12-03,2025-12-04,AAPL,Apple,Stock,Test,1.4922346544901357,0.9637022903929335
2025-12-04,2025-12-05,AAPL,Apple,Stock,Test,0.4711006087232259,1.0676054228251712
2025-12-05,2025-12-08,AAPL,Apple,Stock,Test,0.1022432298041142,1.103516504279123
2025-12-08,2025-12-09,AAPL,Apple,Stock,Test,0.065450723223644,1.1104326476489292
2025-12-09,2025-12-10,AAPL,Apple,Stock,Test,0.3313019398181372,1.0986011523241448
2025-12-10,2025-12-11,AAPL,Apple,Stock,Test,0.0725762171790877,1.1029254709627225
2025-12-11,2025-12-12,AAPL,Apple,Stock,Test,0.0080804947808571,0.9034937387750371
2025-12-12,2025-12-15,AAPL,Apple,Stock,Test,2.2796371863227267,0.8780182993184378
2025-12-15,2025-12-16,AAPL,Apple,Stock,Test,0.03321421732177,0.9969990412304878
2025-12-16,2025-12-17,AAPL,Apple,Stock,Test,1.0278195110589896,0.9955865395024315
2025-12-17,2025-12-18,AAPL,Apple,Stock,Test,0.0165538813249767,0.8740903923521284
2025-12-18,2025-12-19,AAPL,Apple,Stock,Test,0.2940756033422204,0.8738179640520503
2025-12-19,2025-12-22,AAPL,Apple,Stock,Test,0.9830846485308308,0.8787091821843627
2025-12-22,2025-12-23,AAPL,Apple,Stock,Test,0.2617980648090108,0.8916568531715716
2025-12-23,2025-12-24,AAPL,Apple,Stock,Test,0.2819233052360625,0.7219357631364248
2025-12-24,2025-12-26,AAPL,Apple,Stock,Test,0.0224539758206218,0.6038814285540097
2025-12-26,2025-12-29,AAPL,Apple,Stock,Test,0.0173171513307415,0.5951871365011812
2025-12-29,2025-12-30,AAPL,Apple,Stock,Test,0.0618595064734021,0.5933712254847274
2025-12-30,2025-12-31,AAPL,Apple,Stock,Test,0.2004814499608586,0.5796375282788018
2025-12-31,2026-01-02,AAPL,Apple,Stock,Test,0.0980549610237779,0.44659340258829
2026-01-02,2026-01-05,AAPL,Apple,Stock,Test,1.9414805358197185,0.36092978993981983
2026-01-05,2026-01-06,AAPL,Apple,Stock,Test,3.4242274705557283,0.4137261632504553
2026-01-06,2026-01-07,AAPL,Apple,Stock,Test,0.6033215916008883,0.49103227018818696
2026-01-07,2026-01-08,AAPL,Apple,Stock,Test,0.2467557932246009,0.49471614664236235
2026-01-08,2026-01-09,AAPL,Apple,Stock,Test,0.0162051739521589,0.4960962266277935
2026-01-09,2026-01-12,AAPL,Apple,Stock,Test,0.1147195574263513,0.5060998304753012
2026-01-12,2026-01-13,AAPL,Apple,Stock,Test,0.0942085862176569,0.48764572158216957
2026-01-13,2026-01-14,AAPL,Apple,Stock,Test,0.1750725739918695,0.5068128603999116
2026-01-14,2026-01-15,AAPL,Apple,Stock,Test,0.4562521665755218,0.4992939346218571
2026-01-15,2026-01-16,AAPL,Apple,Stock,Test,1.088534588715078,0.4335249083679765
2026-01-16,2026-01-20,AAPL,Apple,Stock,Test,12.367076992893088,0.44784047646159103
2026-01-20,2026-01-21,AAPL,Apple,Stock,Test,0.1477237923374574,0.914061235581012
2026-01-21,2026-01-22,AAPL,Apple,Stock,Test,0.0796673853584955,0.9322793127162046
2026-01-22,2026-01-23,AAPL,Apple,Stock,Test,0.0156004447435314,0.9096984184762447
2026-01-23,2026-01-26,AAPL,Apple,Stock,Test,8.573220329203211,0.8995996949259736
2026-01-26,2026-01-27,AAPL,Apple,Stock,Test,1.2399808227797424,1.4030064790803691
2026-01-27,2026-01-28,AAPL,Apple,Stock,Test,0.5056363525673938,1.4679267142407553
2026-01-28,2026-01-29,AAPL,Apple,Stock,Test,0.511144339357689,1.4757204960436208
2026-01-29,2026-01-30,AAPL,Apple,Stock,Test,0.2148781940277989,1.5173913209361447
2026-01-30,2026-02-02,AAPL,Apple,Stock,Test,15.824034419790795,1.5435768795589813
2026-02-02,2026-02-03,AAPL,Apple,Stock,Test,0.0386056027632721,2.3857797359303587
2026-02-03,2026-02-04,AAPL,Apple,Stock,Test,6.5948036999241095,2.383154165460579
2026-02-04,2026-02-05,AAPL,Apple,Stock,Test,0.0440976997675957,2.589136532459066
2026-02-05,2026-02-06,AAPL,Apple,Stock,Test,0.6364997161876196,2.387199622159314
2026-02-06,2026-02-09,AAPL,Apple,Stock,Test,1.375730648896782,2.3451986160299856
2026-02-09,2026-02-10,AAPL,Apple,Stock,Test,0.117572820114094,2.421842904218175
2026-02-10,2026-02-11,AAPL,Apple,Stock,Test,0.4393226096038668,2.4396713176290588
2026-02-11,2026-02-12,AAPL,Apple,Stock,Test,26.290360058965103,2.4472184230206353
2026-02-12,2026-02-13,AAPL,Apple,Stock,Test,5.288051331086854,3.8364929382766726
2026-02-13,2026-02-17,AAPL,Apple,Stock,Test,9.719937534171532,4.0868844444229016
2026-02-17,2026-02-18,AAPL,Apple,Stock,Test,0.0316691624867543,4.543402009296839
2026-02-18,2026-02-19,AAPL,Apple,Stock,Test,2.0633211587489506,4.473831147752574
2026-02-19,2026-02-20,AAPL,Apple,Stock,Test,2.320688202757102,3.9137981415380545
2026-02-20,2026-02-23,AAPL,Apple,Stock,Test,0.363495933301409,3.9891610070792134
2026-02-23,2026-02-24,AAPL,Apple,Stock,Test,4.903590272496947,3.992867773132152
2026-02-24,2026-02-25,AAPL,Apple,Stock,Test,0.5853039807094946,4.145961383917723
2026-02-25,2026-02-26,AAPL,Apple,Stock,Test,0.2188946140247945,3.831896405155894
2026-02-26,2026-02-27,AAPL,Apple,Stock,Test,10.665376784486044,3.8291317662540463
2026-02-27,2026-03-02,AAPL,Apple,Stock,Test,0.0416909433786388,4.389970632825513
2026-03-02,2026-03-03,AAPL,Apple,Stock,Test,0.1347494813917145,4.373336675356944
2026-03-03,2026-03-04,AAPL,Apple,Stock,Test,0.2185141448266072,4.377798945395092
2026-03-04,2026-03-05,AAPL,Apple,Stock,Test,0.7277490420843398,3.58700298502617
2026-03-05,2026-03-06,AAPL,Apple,Stock,Test,1.1951114492414292,3.6119302180541886
2026-03-06,2026-03-09,AAPL,Apple,Stock,Test,0.8752914248372708,3.2511661785946906
2026-03-09,2026-03-10,AAPL,Apple,Stock,Test,0.1331411339999055,3.3279913804669325
2026-03-10,2026-03-11,AAPL,Apple,Stock,Test,5.8765511916571433e-05,3.2902307101378563
2026-03-11,2026-03-12,AAPL,Apple,Stock,Test,3.8230627041797702,3.2533097024957214
2026-03-12,2026-03-13,AAPL,Apple,Stock,Test,4.97233187848374,3.3927788561617556
2026-03-13,2026-03-16,AAPL,Apple,Stock,Test,1.1528384683304906,3.5062242238489665
2026-03-16,2026-03-17,AAPL,Apple,Stock,Test,0.3093057807913729,2.4431808757904605
2026-03-17,2026-03-18,AAPL,Apple,Stock,Test,2.896274127504068,2.2219264711099247
2026-03-18,2026-03-19,AAPL,Apple,Stock,Test,0.1543385520598362,1.8114890815303553
2026-03-19,2026-03-20,AAPL,Apple,Stock,Test,0.1524043083847075,1.8020942181965782
2026-03-20,2026-03-23,AAPL,Apple,Stock,Test,1.9641578261135588,1.7338208370090995
2026-03-23,2026-03-24,AAPL,Apple,Stock,Test,0.0035547042596517,1.7130844260062985
2026-03-24,2026-03-25,AAPL,Apple,Stock,Test,0.1510796512999366,1.6812577116639276
2026-03-25,2026-03-26,AAPL,Apple,Stock,Test,0.011412150355577,1.3868595570603077
2026-03-26,2026-03-27,AAPL,Apple,Stock,Test,2.6586167610270963,1.3338039411427791
2026-03-27,2026-03-30,AAPL,Apple,Stock,Test,0.7673998743916973,1.4077188752381047
2026-03-30,2026-03-31,AAPL,Apple,Stock,Test,8.18985540185707,1.0046447400776946
2026-03-31,2026-04-01,AAPL,Apple,Stock,Test,0.5218570096449424,1.482230879204762
2026-04-01,2026-04-02,AAPL,Apple,Stock,Test,0.012854439296241,1.5206355538264409
2026-04-02,2026-04-06,AAPL,Apple,Stock,Test,1.3047220849279344,1.518198361810728
2026-04-06,2026-04-07,AAPL,Apple,Stock,Test,4.377945240044282,1.5617608154651348
2026-04-07,2026-04-08,AAPL,Apple,Stock,Test,4.442873242432371,1.715904528526615
2026-04-08,2026-04-09,AAPL,Apple,Stock,Test,0.3748561299398293,1.899664356533566
2026-04-09,2026-04-10,AAPL,Apple,Stock,Test,1.4729189550478552e-05,1.9120494472530818
2026-04-10,2026-04-13,AAPL,Apple,Stock,Test,0.2426626498172358,1.912049588192378
2026-04-13,2026-04-14,AAPL,Apple,Stock,Test,0.0204072813633175,1.7288176771998949
2026-04-14,2026-04-15,AAPL,Apple,Stock,Test,8.375264722367106,1.4575729458945132
2026-04-15,2026-04-16,AAPL,Apple,Stock,Test,1.3082180060889164,1.7811334585027765
2026-04-16,2026-04-17,AAPL,Apple,Stock,Test,6.553439337310732,1.866643207946089
2026-04-17,2026-04-20,AAPL,Apple,Stock,Test,1.077724535067612,1.9343442171631715
2026-04-20,2026-04-21,AAPL,Apple,Stock,Test,6.512492893902897,1.9224508784797645
2026-04-21,2026-04-22,AAPL,Apple,Stock,Test,6.738788332967955,2.324401040050156
2026-04-22,2026-04-23,AAPL,Apple,Stock,Test,0.0090471946438724,2.519496496998162
2026-04-23,2026-04-24,AAPL,Apple,Stock,Test,0.7578520921019225,2.518370428251289
2026-04-24,2026-04-27,AAPL,Apple,Stock,Test,1.6408273157584234,2.5947311159955393
2026-04-27,2026-04-28,AAPL,Apple,Stock,Test,1.3265184931612797,2.7181753941170803
2026-04-28,2026-04-29,AAPL,Apple,Stock,Test,0.0398690778699157,2.5581823648672932
2026-04-29,2026-04-30,AAPL,Apple,Stock,Test,0.189937512267968,2.493534624038559
2026-04-30,2026-05-01,AAPL,Apple,Stock,Test,10.163354522773885,2.184838840872744
2026-05-01,2026-05-04,AAPL,Apple,Stock,Test,1.412796858732951,2.5738894708738207
2026-05-04,2026-05-05,AAPL,Apple,Stock,Test,6.866693938513244,2.696616206516279
2026-05-05,2026-05-06,AAPL,Apple,Stock,Test,1.3572021565826815,2.9142288667539002
2026-05-06,2026-05-07,AAPL,Apple,Stock,Test,0.0005930885364977,2.593178180076807
2026-05-07,2026-05-08,AAPL,Apple,Stock,Test,4.10060695373123,2.4880623101813657
2026-05-08,2026-05-11,AAPL,Apple,Stock,Test,0.0159620702664848,2.5992485761736264
2026-05-11,2026-05-12,AAPL,Apple,Stock,Test,0.5208894793705421,2.6069345425131383
2026-05-12,2026-05-13,AAPL,Apple,Stock,Test,1.880066837251295,2.5494046496267995
2026-05-13,2026-05-14,AAPL,Apple,Stock,Test,0.0488734911612826,2.5434809702190737
2026-05-14,2026-05-15,AAPL,Apple,Stock,Test,0.4557573280646262,2.318787236791892
2026-05-15,2026-05-18,AAPL,Apple,Stock,Test,0.6388031759097885,2.1698886932285575
2026-05-18,2026-05-19,AAPL,Apple,Stock,Test,0.1433993964436948,2.0581140570717853
2026-05-19,2026-05-20,AAPL,Apple,Stock,Test,1.1905677035677766,2.0412008967585833
2026-05-20,2026-05-21,AAPL,Apple,Stock,Test,0.8143986598337559,1.584580173036957
2026-05-21,2026-05-22,AAPL,Apple,Stock,Test,1.557420160094911,1.3847863098721402
2026-05-22,2026-05-26,AAPL,Apple,Stock,Test,0.0252173124949993,1.3980463185977066
2026-05-26,2026-05-27,AAPL,Apple,Stock,Test,0.6625831677637367,1.3186444439571208
2026-05-27,2026-05-28,AAPL,Apple,Stock,Test,0.2836613705073768,1.1298440416140638
2026-05-28,2026-05-29,AAPL,Apple,Stock,Test,0.0207648675375235,1.1212198714726032
2026-05-29,2026-06-01,AAPL,Apple,Stock,Test,3.4588006637279216,1.1164331632169215
2026-06-01,2026-06-02,AAPL,Apple,Stock,Test,8.18517538739094,1.4259062190798786
2026-06-02,2026-06-03,AAPL,Apple,Stock,Test,2.495375460884944,1.345758317796143
2026-06-03,2026-06-04,AAPL,Apple,Stock,Test,0.0974423172159146,1.4216534101602396
2026-06-04,2026-06-05,AAPL,Apple,Stock,Test,1.581958546148431,1.1968315070963633
2026-06-05,2026-06-08,AAPL,Apple,Stock,Test,3.629743399539152,1.3000548148166993
2026-06-08,2026-06-09,AAPL,Apple,Stock,Test,13.784216380736051,1.5336505187572353
2026-06-09,2026-06-10,AAPL,Apple,Stock,Test,0.1252265833839525,2.0728061392694066
2026-06-10,2026-06-11,AAPL,Apple,Stock,Test,1.9028154644915296,2.0796794932856866
2026-06-11,2026-06-12,AAPL,Apple,Stock,Test,2.3527485537476873,2.148925178978085
2026-06-12,2026-06-15,AAPL,Apple,Stock,Test,3.242674467628114,2.156355325231519
2026-06-15,2026-06-16,AAPL,Apple,Stock,Test,0.8965335574555697,2.3315744938723806
2026-06-16,2026-06-17,AAPL,Apple,Stock,Test,1.222224010085756,2.354216574821607
2026-06-17,2026-06-18,AAPL,Apple,Stock,Test,0.4811545946388377,2.3826825003342327
2026-06-18,2026-06-22,AAPL,Apple,Stock,Test,0.1129737083716067,2.4002888512008758
2026-06-22,2026-06-23,AAPL,Apple,Stock,Test,0.8402070774134563,2.339373225889724
2026-06-23,2026-06-24,AAPL,Apple,Stock,Test,0.1725652215735127,2.317635984446596
2026-06-24,2026-06-25,AAPL,Apple,Stock,Test,39.85283934529451,2.2135445505061364
2026-06-25,2026-06-26,AAPL,Apple,Stock,Test,9.537516108254229,3.9614466228262004
2026-06-26,2026-06-29,AAPL,Apple,Stock,Test,0.5205070670079482,4.516181807017966
2026-06-29,2026-06-30,AAPL,Apple,Stock,Test,7.1219212322485514,4.469870589810778
2026-06-30,2026-07-01,AAPL,Apple,Stock,Test,2.958366369882244,4.944924688905063
2026-07-01,2026-07-02,AAPL,Apple,Stock,Test,22.346074101713008,5.018133796770389
2026-07-02,2026-07-06,AAPL,Apple,Stock,Test,1.6830556741853686,5.753189796961595
2026-07-06,2026-07-07,AAPL,Apple,Stock,Test,0.4118196713387611,5.721724417674234
2026-07-07,2026-07-08,AAPL,Apple,Stock,Test,0.7655196748661423,5.73877704587242
2026-07-08,2026-07-09,AAPL,Apple,Stock,Test,0.8081472158734343,5.688987264104502
2026-07-09,2026-07-10,AAPL,Apple,Stock,Test,0.0812307825133353,5.503154912954093
2026-07-10,2026-07-13,AAPL,Apple,Stock,Test,0.3957804786088017,4.712442393662389
2026-07-13,2026-07-14,AAPL,Apple,Stock,Test,0.6007920844583602,4.7150669464950274
2026-07-14,2026-07-15,AAPL,Apple,Stock,Test,15.492092505572312,4.725674164737951
2026-07-15,2026-07-16,AAPL,Apple,Stock,Test,3.039759766231498,5.147257908757331
2026-07-16,2026-07-17,AAPL,Apple,Stock,Test,0.0207124229256722,5.140313705790652
2026-07-17,2026-07-20,AAPL,Apple,Stock,Test,4.690108178397567,5.139778335557987
2026-07-20,2026-07-21,AAPL,Apple,Stock,Test,0.1235575232247667,5.365580814288056
2026-07-21,2026-07-22,AAPL,Apple,Stock,Test,0.3204304145217899,5.36347293987322
2026-07-22,2026-07-23,AAPL,Apple,Stock,Test,1.706888555726242,5.38413262658001
2026-07-23,2026-07-24,AAPL,Apple,Stock,Test,12.046031679329465,5.444331445917671
2026-07-24,2026-07-27,AAPL,Apple,Stock,Test,1.3486904315683843,5.837541873517481
2026-07-27,2026-07-28,AAPL,Apple,Stock,Test,0.8770242173202452,3.3246161526004427
2026-07-28,2026-07-29,AAPL,Apple,Stock,Test,0.3105735459699587,3.0880608442619533
2026-07-29,2026-07-30,AAPL,Apple,Stock,Test,2.0093021226554653,3.0633515069834205
2026-07-30,2026-07-31,AAPL,Apple,Stock,Test,58.34344274303874,3.1233151701043083
